County, State, Y, X
Autauga County,AL, 59,304
Baldwin County,AL, 44,296
Barbour County,AL, 53,314
Bibb County,AL, 62,300
Blount County,AL, 70,305
Bullock County,AL, 55,312
Butler County,AL, 53,304
Calhoun County,AL, 69,311
Chambers County,AL, 62,314
Cherokee County,AL, 72,313
Chilton County,AL, 61,304
Choctaw County,AL, 55,291
Clarke County,AL, 52,295
Clay County,AL, 65,311
Cleburne County,AL, 68,313
Coffee County,AL, 50,310
Colbert County,AL, 76,295
Conecuh County,AL, 50,302
Coosa County,AL, 62,308
Covington County,AL, 48,306
Crenshaw County,AL, 52,307
Cullman County,AL, 72,303
Dale County,AL, 50,313
Dallas County,AL, 57,301
DeKalb County,AL, 74,311
Elmore County,AL, 59,308
Escambia County,AL, 48,300
Etowah County,AL, 71,309
Fayette County,AL, 68,296
Franklin County,AL, 74,295
Geneva County,AL, 47,311
Greene County,AL, 61,294
Hale County,AL, 61,296
Henry County,AL, 51,316
Houston County,AL, 48,315
Jackson County,AL, 77,310
Jefferson County,AL, 67,302
Lamar County,AL, 69,293
Lauderdale County,AL, 78,296
Lawrence County,AL, 75,299
Lee County,AL, 59,315
Limestone County,AL, 77,302
Lowndes County,AL, 56,304
Macon County,AL, 58,312
Madison County,AL, 77,305
Marengo County,AL, 56,295
Marion County,AL, 72,294
Marshall County,AL, 73,307
Mobile County,AL, 45,292
Monroe County,AL, 51,299
Montgomery County,AL, 56,308
Morgan County,AL, 74,303
Perry County,AL, 60,299
Pickens County,AL, 65,293
Pike County,AL, 53,310
Randolph County,AL, 65,314
Russell County,AL, 57,316
Saint Clair County,AL, 68,307
Shelby County,AL, 65,304
Sumter County,AL, 59,292
Talladega County,AL, 66,308
Tallapoosa County,AL, 61,311
Tuscaloosa County,AL, 65,297
Walker County,AL, 69,299
Washington County,AL, 50,292
Wilcox County,AL, 54,299
Winston County,AL, 72,299
Apache County,AZ, 82,122
Cochise County,AZ, 54,119
Coconino County,AZ, 85,103
Gila County,AZ, 69,111
Graham County,AZ, 62,118
Greenlee County,AZ, 64,124
La Paz County,AZ, 68, 86
Maricopa County,AZ, 65, 98
Mohave County,AZ, 84, 87
Navajo County,AZ, 82,115
Pima County,AZ, 55,103
Pinal County,AZ, 62,107
Santa Cruz County,AZ, 51,111
Yavapai County,AZ, 75, 97
Yuma County,AZ, 61, 86
Arkansas County,AR, 73,267
Ashley County,AR, 64,263
Baxter County,AR, 89,259
Benton County,AR, 89,243
Boone County,AR, 89,253
Bradley County,AR, 66,260
Calhoun County,AR, 67,257
Carroll County,AR, 89,249
Chicot County,AR, 65,267
Clark County,AR, 71,252
Clay County,AR, 89,274
Cleburne County,AR, 83,261
Cleveland County,AR, 70,260
Columbia County,AR, 64,252
Conway County,AR, 81,256
Craighead County,AR, 85,272
Crawford County,AR, 83,244
Crittenden County,AR, 80,275
Cross County,AR, 81,271
Dallas County,AR, 70,256
Desha County,AR, 69,267
Drew County,AR, 67,264
Faulkner County,AR, 80,259
Franklin County,AR, 83,246
Fulton County,AR, 90,263
Garland County,AR, 75,252
Grant County,AR, 73,258
Greene County,AR, 87,273
Hempstead County,AR, 68,248
Hot Spring County,AR, 73,254
Howard County,AR, 71,246
Independence County,AR, 84,265
Izard County,AR, 87,262
Jackson County,AR, 83,268
Jefferson County,AR, 73,262
Johnson County,AR, 83,250
Lafayette County,AR, 64,249
Lawrence County,AR, 87,269
Lee County,AR, 77,271
Lincoln County,AR, 70,264
Little River County,AR, 68,244
Logan County,AR, 80,248
Lonoke County,AR, 77,262
Madison County,AR, 87,248
Marion County,AR, 89,256
Miller County,AR, 65,246
Mississippi County,AR, 85,277
Monroe County,AR, 76,268
Montgomery County,AR, 75,248
Nevada County,AR, 68,251
Newton County,AR, 86,252
Ouachita County,AR, 67,254
Perry County,AR, 78,254
Phillips County,AR, 74,271
Pike County,AR, 72,248
Poinsett County,AR, 83,272
Polk County,AR, 74,244
Pope County,AR, 82,253
Prairie County,AR, 77,265
Pulaski County,AR, 77,259
Randolph County,AR, 89,269
Saint Francis County,AR, 79,272
Saline County,AR, 76,256
Scott County,AR, 77,245
Searcy County,AR, 86,256
Sebastian County,AR, 80,243
Sevier County,AR, 70,244
Sharp County,AR, 88,266
Stone County,AR, 85,260
Union County,AR, 64,257
Van Buren County,AR, 83,257
Washington County,AR, 86,244
White County,AR, 81,264
Woodruff County,AR, 80,268
Yell County,AR, 79,250
Alameda County,CA,100, 22
Alpine County,CA,107, 39
Amador County,CA,106, 32
Butte County,CA,116, 25
Calaveras County,CA,104, 33
Colusa County,CA,112, 20
Contra Costa County,CA,102, 22
Del Norte County,CA,132,  6
El Dorado County,CA,109, 33
Fresno County,CA, 93, 40
Glenn County,CA,115, 18
Humboldt County,CA,124,  7
Imperial County,CA, 63, 75
Inyo County,CA, 91, 58
Kern County,CA, 81, 48
Kings County,CA, 87, 39
Lake County,CA,111, 15
Lassen County,CA,124, 33
Los Angeles County,CA, 73, 52
Madera County,CA, 96, 39
Marin County,CA,103, 16
Mariposa County,CA, 99, 38
Mendocino County,CA,114, 10
Merced County,CA, 96, 32
Modoc County,CA,131, 32
Mono County,CA,102, 46
Monterey County,CA, 88, 28
Napa County,CA,107, 19
Nevada County,CA,113, 31
Orange County,CA, 68, 55
Placer County,CA,111, 32
Plumas County,CA,119, 31
Riverside County,CA, 68, 70
Sacramento County,CA,106, 27
San Benito County,CA, 91, 29
San Bernardino County,CA, 77, 68
San Diego County,CA, 63, 64
San Francisco County,CA,101, 18
San Joaquin County,CA,102, 27
San Luis Obispo County,CA, 82, 34
San Mateo County,CA, 98, 19
Santa Barbara County,CA, 76, 37
Santa Clara County,CA, 96, 24
Santa Cruz County,CA, 95, 21
Shasta County,CA,125, 21
Sierra County,CA,115, 33
Siskiyou County,CA,131, 17
Solano County,CA,105, 22
Sonoma County,CA,107, 14
Stanislaus County,CA, 99, 30
Sutter County,CA,111, 24
Tehama County,CA,120, 20
Trinity County,CA,124, 13
Tulare County,CA, 88, 47
Tuolumne County,CA,103, 38
Ventura County,CA, 74, 45
Yolo County,CA,108, 22
Yuba County,CA,113, 27
Adams County,CO,117,163
Alamosa County,CO, 99,151
Arapahoe County,CO,116,163
Archuleta County,CO, 96,141
Baca County,CO, 97,177
Bent County,CO,102,173
Boulder County,CO,119,155
Broomfield County,CO,119,158
Chaffee County,CO,108,148
Cheyenne County,CO,109,177
Clear Creek County,CO,116,152
Conejos County,CO, 96,148
Costilla County,CO, 97,154
Crowley County,CO,105,167
Custer County,CO,103,155
Delta County,CO,109,135
Denver County,CO,117,158
Dolores County,CO,101,129
Douglas County,CO,113,158
Eagle County,CO,116,144
Elbert County,CO,113,164
El Paso County,CO,109,161
Fremont County,CO,106,154
Garfield County,CO,115,134
Gilpin County,CO,117,153
Grand County,CO,119,149
Gunnison County,CO,108,141
Hinsdale County,CO,101,139
Huerfano County,CO,100,158
Jackson County,CO,124,147
Jefferson County,CO,115,155
Kiowa County,CO,106,176
Kit Carson County,CO,113,177
Lake County,CO,112,147
La Plata County,CO, 97,135
Larimer County,CO,124,154
Las Animas County,CO, 97,165
Lincoln County,CO,110,169
Logan County,CO,124,173
Mesa County,CO,111,130
Mineral County,CO,100,142
Moffat County,CO,123,132
Montezuma County,CO, 97,129
Montrose County,CO,106,131
Morgan County,CO,121,167
Otero County,CO,102,168
Ouray County,CO,104,135
Park County,CO,111,152
Phillips County,CO,123,179
Pitkin County,CO,112,142
Prowers County,CO,102,178
Pueblo County,CO,104,161
Rio Blanco County,CO,118,132
Rio Grande County,CO, 99,146
Routt County,CO,122,142
Saguache County,CO,103,147
San Juan County,CO,101,136
San Miguel County,CO,103,130
Sedgwick County,CO,126,179
Summit County,CO,116,149
Teller County,CO,110,156
Washington County,CO,118,172
Weld County,CO,123,162
Yuma County,CO,119,178
Fairfield County,CT,129,410
Hartford County,CT,133,416
Litchfield County,CT,133,412
Middlesex County,CT,130,417
New Haven County,CT,130,414
New London County,CT,130,421
Tolland County,CT,133,419
Windham County,CT,133,422
Kent County,DE,111,393
New Castle County,DE,115,392
Sussex County,DE,108,394
District of Columbia,DC,110,381
Alachua County,FL, 36,339
Baker County,FL, 41,339
Bay County,FL, 41,313
Bradford County,FL, 38,340
Brevard County,FL, 24,352
Broward County,FL,  8,354
Calhoun County,FL, 42,316
Charlotte County,FL, 14,343
Citrus County,FL, 29,338
Clay County,FL, 38,343
Collier County,FL,  7,347
Columbia County,FL, 40,337
DeSoto County,FL, 16,343
Dixie County,FL, 35,332
Duval County,FL, 41,343
Escambia County,FL, 44,298
Flagler County,FL, 35,348
Franklin County,FL, 38,319
Gadsden County,FL, 43,321
Gilchrist County,FL, 36,335
Glades County,FL, 14,348
Gulf County,FL, 38,316
Hamilton County,FL, 42,334
Hardee County,FL, 18,343
Hendry County,FL, 11,348
Hernando County,FL, 27,338
Highlands County,FL, 17,347
Hillsborough County,FL, 22,339
Holmes County,FL, 45,311
Indian River County,FL, 20,354
Jackson County,FL, 45,316
Jefferson County,FL, 42,326
Lafayette County,FL, 38,332
Lake County,FL, 29,344
Lee County,FL, 11,343
Leon County,FL, 42,323
Levy County,FL, 33,336
Liberty County,FL, 40,318
Madison County,FL, 42,330
Manatee County,FL, 18,339
Marion County,FL, 32,341
Martin County,FL, 16,355
Miami-Dade County,FL,  3,353
Monroe County,FL,  3,349
Nassau County,FL, 43,343
Okaloosa County,FL, 44,305
Okeechobee County,FL, 18,350
Orange County,FL, 27,347
Osceola County,FL, 23,348
Palm Beach County,FL, 12,354
Pasco County,FL, 25,338
Pinellas County,FL, 22,336
Polk County,FL, 22,344
Putnam County,FL, 36,343
Saint Johns County,FL, 38,346
Saint Lucie County,FL, 18,354
Santa Rosa County,FL, 43,301
Sarasota County,FL, 16,338
Seminole County,FL, 28,348
Sumter County,FL, 28,341
Suwannee County,FL, 40,334
Taylor County,FL, 39,329
Union County,FL, 39,339
Volusia County,FL, 31,349
Wakulla County,FL, 40,322
Walton County,FL, 44,308
Washington County,FL, 43,312
Appling County,GA, 52,339
Atkinson County,GA, 49,334
Bacon County,GA, 51,338
Baker County,GA, 49,322
Baldwin County,GA, 63,332
Banks County,GA, 73,330
Barrow County,GA, 70,328
Bartow County,GA, 72,319
Ben Hill County,GA, 53,332
Berrien County,GA, 49,332
Bibb County,GA, 61,328
Bleckley County,GA, 58,331
Brantley County,GA, 48,342
Brooks County,GA, 45,329
Bryan County,GA, 55,346
Bulloch County,GA, 58,344
Burke County,GA, 63,341
Butts County,GA, 65,326
Calhoun County,GA, 51,321
Camden County,GA, 46,344
Candler County,GA, 58,341
Carroll County,GA, 67,317
Catoosa County,GA, 78,316
Charlton County,GA, 45,340
Chatham County,GA, 55,348
Chattahoochee County,GA, 57,319
Chattooga County,GA, 74,315
Cherokee County,GA, 72,322
Clarke County,GA, 70,331
Clay County,GA, 52,318
Clayton County,GA, 67,323
Clinch County,GA, 46,336
Cobb County,GA, 70,321
Coffee County,GA, 51,335
Colquitt County,GA, 48,327
Columbia County,GA, 67,339
Cook County,GA, 48,330
Coweta County,GA, 65,319
Crawford County,GA, 60,326
Crisp County,GA, 54,327
Dade County,GA, 77,313
Dawson County,GA, 74,324
Decatur County,GA, 46,321
DeKalb County,GA, 69,324
Dodge County,GA, 56,332
Dooly County,GA, 56,327
Dougherty County,GA, 51,324
Douglas County,GA, 68,319
Early County,GA, 49,318
Echols County,GA, 44,334
Effingham County,GA, 57,347
Elbert County,GA, 71,335
Emanuel County,GA, 59,339
Evans County,GA, 56,342
Fannin County,GA, 77,323
Fayette County,GA, 66,322
Floyd County,GA, 73,316
Forsyth County,GA, 72,324
Franklin County,GA, 74,332
Fulton County,GA, 69,322
Gilmer County,GA, 76,322
Glascock County,GA, 64,337
Glynn County,GA, 48,345
Gordon County,GA, 75,318
Grady County,GA, 45,324
Greene County,GA, 67,332
Gwinnett County,GA, 70,325
Habersham County,GA, 76,329
Hall County,GA, 73,327
Hancock County,GA, 65,333
Haralson County,GA, 69,316
Harris County,GA, 60,318
Hart County,GA, 73,334
Heard County,GA, 65,316
Henry County,GA, 66,324
Houston County,GA, 58,328
Irwin County,GA, 51,331
Jackson County,GA, 72,329
Jasper County,GA, 65,328
Jeff Davis County,GA, 53,336
Jefferson County,GA, 63,338
Jenkins County,GA, 61,342
Johnson County,GA, 60,336
Jones County,GA, 63,329
Lamar County,GA, 63,324
Lanier County,GA, 47,333
Laurens County,GA, 58,334
Lee County,GA, 53,324
Liberty County,GA, 53,345
Lincoln County,GA, 69,338
Long County,GA, 53,344
Lowndes County,GA, 45,331
Lumpkin County,GA, 75,325
McDuffie County,GA, 66,338
McIntosh County,GA, 51,346
Macon County,GA, 57,325
Madison County,GA, 72,332
Marion County,GA, 57,321
Meriwether County,GA, 63,320
Miller County,GA, 48,320
Mitchell County,GA, 48,324
Monroe County,GA, 63,326
Montgomery County,GA, 56,337
Morgan County,GA, 67,330
Murray County,GA, 77,320
Muscogee County,GA, 59,318
Newton County,GA, 67,327
Oconee County,GA, 69,330
Oglethorpe County,GA, 70,333
Paulding County,GA, 70,319
Peach County,GA, 59,327
Pickens County,GA, 74,322
Pierce County,GA, 49,340
Pike County,GA, 63,322
Polk County,GA, 71,316
Pulaski County,GA, 56,330
Putnam County,GA, 65,331
Quitman County,GA, 53,317
Rabun County,GA, 78,330
Randolph County,GA, 53,319
Richmond County,GA, 65,341
Rockdale County,GA, 68,325
Schley County,GA, 57,323
Screven County,GA, 61,345
Seminole County,GA, 46,319
Spalding County,GA, 65,323
Stephens County,GA, 75,331
Stewart County,GA, 55,319
Sumter County,GA, 55,324
Talbot County,GA, 60,321
Taliaferro County,GA, 67,334
Tattnall County,GA, 55,341
Taylor County,GA, 59,324
Telfair County,GA, 54,334
Terrell County,GA, 53,322
Thomas County,GA, 45,326
Tift County,GA, 50,329
Toombs County,GA, 55,339
Towns County,GA, 78,328
Treutlen County,GA, 58,337
Troup County,GA, 63,317
Turner County,GA, 52,329
Twiggs County,GA, 60,330
Union County,GA, 77,326
Upson County,GA, 62,323
Walker County,GA, 76,315
Walton County,GA, 69,328
Ware County,GA, 47,338
Warren County,GA, 66,336
Washington County,GA, 62,335
Wayne County,GA, 51,342
Webster County,GA, 55,321
Wheeler County,GA, 55,336
White County,GA, 76,328
Whitfield County,GA, 77,318
Wilcox County,GA, 54,330
Wilkes County,GA, 69,336
Wilkinson County,GA, 61,332
Worth County,GA, 51,327
Ada County,ID,146, 68
Adams County,ID,158, 66
Bannock County,ID,140,100
Bear Lake County,ID,137,107
Benewah County,ID,176, 64
Bingham County,ID,144, 98
Blaine County,ID,146, 86
Boise County,ID,150, 72
Bonner County,ID,185, 65
Bonneville County,ID,146,105
Boundary County,ID,189, 66
Butte County,ID,148, 92
Camas County,ID,146, 79
Canyon County,ID,147, 64
Caribou County,ID,141,105
Cassia County,ID,137, 89
Clark County,ID,153, 99
Clearwater County,ID,172, 72
Custer County,ID,152, 83
Elmore County,ID,145, 74
Franklin County,ID,136,103
Fremont County,ID,152,106
Gem County,ID,151, 66
Gooding County,ID,142, 79
Idaho County,ID,165, 74
Jefferson County,ID,149, 99
Jerome County,ID,140, 83
Kootenai County,ID,180, 64
Latah County,ID,173, 64
Lemhi County,ID,158, 86
Lewis County,ID,168, 66
Lincoln County,ID,143, 84
Madison County,ID,149,104
Minidoka County,ID,141, 88
Nez Perce County,ID,169, 63
Oneida County,ID,136, 97
Owyhee County,ID,139, 68
Payette County,ID,151, 63
Power County,ID,140, 95
Shoshone County,ID,177, 70
Teton County,ID,149,108
Twin Falls County,ID,137, 80
Valley County,ID,157, 73
Washington County,ID,154, 63
Adams County,IL,118,268
Alexander County,IL, 96,283
Bond County,IL,110,282
Boone County,IL,137,287
Brown County,IL,118,271
Bureau County,IL,130,281
Calhoun County,IL,112,272
Carroll County,IL,135,278
Cass County,IL,118,276
Champaign County,IL,120,292
Christian County,IL,115,283
Clark County,IL,113,295
Clay County,IL,109,290
Clinton County,IL,107,282
Coles County,IL,115,292
Cook County,IL,133,295
Crawford County,IL,111,295
Cumberland County,IL,113,292
DeKalb County,IL,134,287
De Witt County,IL,120,286
Douglas County,IL,117,292
DuPage County,IL,133,293
Edgar County,IL,116,296
Edwards County,IL,106,293
Effingham County,IL,111,289
Fayette County,IL,111,285
Ford County,IL,123,292
Franklin County,IL,102,286
Fulton County,IL,122,276
Gallatin County,IL,101,292
Greene County,IL,113,274
Grundy County,IL,129,290
Hamilton County,IL,103,289
Hancock County,IL,122,268
Hardin County,IL, 99,291
Henderson County,IL,125,270
Henry County,IL,129,276
Iroquois County,IL,124,295
Jackson County,IL,101,282
Jasper County,IL,111,292
Jefferson County,IL,105,286
Jersey County,IL,111,275
Jo Daviess County,IL,137,276
Johnson County,IL, 98,286
Kane County,IL,134,290
Kankakee County,IL,128,295
Kendall County,IL,131,290
Knox County,IL,126,276
Lake County,IL,137,293
La Salle County,IL,129,286
Lawrence County,IL,108,296
Lee County,IL,132,283
Livingston County,IL,126,289
Logan County,IL,119,283
McDonough County,IL,122,272
McHenry County,IL,137,290
McLean County,IL,122,287
Macon County,IL,117,286
Macoupin County,IL,113,278
Madison County,IL,109,278
Marion County,IL,108,286
Marshall County,IL,127,283
Mason County,IL,120,278
Massac County,IL, 96,288
Menard County,IL,119,279
Mercer County,IL,128,272
Monroe County,IL,105,276
Montgomery County,IL,112,282
Morgan County,IL,116,276
Moultrie County,IL,116,289
Ogle County,IL,135,283
Peoria County,IL,125,279
Perry County,IL,103,283
Piatt County,IL,119,289
Pike County,IL,115,270
Pope County,IL, 98,289
Pulaski County,IL, 96,284
Putnam County,IL,128,283
Randolph County,IL,103,279
Richland County,IL,108,293
Rock Island County,IL,130,273
Saint Clair County,IL,106,278
Saline County,IL,101,289
Sangamon County,IL,117,280
Schuyler County,IL,120,273
Scott County,IL,116,274
Shelby County,IL,114,287
Stark County,IL,127,279
Stephenson County,IL,137,280
Tazewell County,IL,123,281
Union County,IL, 98,283
Vermilion County,IL,120,296
Wabash County,IL,106,295
Warren County,IL,125,273
Washington County,IL,105,282
Wayne County,IL,106,290
White County,IL,103,292
Whiteside County,IL,133,278
Will County,IL,130,294
Williamson County,IL,100,286
Winnebago County,IL,137,284
Woodford County,IL,125,284
Adams County,IN,124,318
Allen County,IN,127,317
Bartholomew County,IN,112,310
Benton County,IN,123,299
Blackford County,IN,122,315
Boone County,IN,119,306
Brown County,IN,112,308
Carroll County,IN,123,305
Cass County,IN,125,307
Clark County,IN,106,312
Clay County,IN,114,301
Clinton County,IN,121,306
Crawford County,IN,105,306
Daviess County,IN,108,301
Dearborn County,IN,112,318
Decatur County,IN,113,313
DeKalb County,IN,130,318
Delaware County,IN,120,314
Dubois County,IN,105,302
Elkhart County,IN,131,311
Fayette County,IN,116,316
Floyd County,IN,105,310
Fountain County,IN,119,300
Franklin County,IN,114,317
Fulton County,IN,127,307
Gibson County,IN,105,297
Grant County,IN,123,312
Greene County,IN,111,302
Hamilton County,IN,119,309
Hancock County,IN,117,311
Harrison County,IN,104,309
Hendricks County,IN,117,305
Henry County,IN,118,314
Howard County,IN,122,309
Huntington County,IN,125,314
Jackson County,IN,110,309
Jasper County,IN,127,301
Jay County,IN,122,317
Jefferson County,IN,109,314
Jennings County,IN,110,312
Johnson County,IN,114,309
Knox County,IN,108,298
Kosciusko County,IN,128,311
LaGrange County,IN,132,314
Lake County,IN,130,298
LaPorte County,IN,131,304
Lawrence County,IN,109,306
Madison County,IN,120,312
Marion County,IN,117,308
Marshall County,IN,129,307
Martin County,IN,108,303
Miami County,IN,125,309
Monroe County,IN,112,305
Montgomery County,IN,119,302
Morgan County,IN,114,306
Newton County,IN,126,298
Noble County,IN,130,314
Ohio County,IN,110,318
Orange County,IN,107,306
Owen County,IN,113,303
Parke County,IN,117,300
Perry County,IN,103,304
Pike County,IN,106,300
Porter County,IN,130,301
Posey County,IN,103,295
Pulaski County,IN,127,304
Putnam County,IN,116,303
Randolph County,IN,120,317
Ripley County,IN,111,315
Rush County,IN,115,314
Saint Joseph County,IN,131,307
Scott County,IN,108,312
Shelby County,IN,115,311
Spencer County,IN,103,301
Starke County,IN,129,304
Steuben County,IN,132,317
Sullivan County,IN,111,298
Switzerland County,IN,109,317
Tippecanoe County,IN,122,302
Tipton County,IN,121,309
Union County,IN,116,318
Vanderburgh County,IN,103,297
Vermillion County,IN,117,298
Vigo County,IN,114,298
Wabash County,IN,125,311
Warren County,IN,121,299
Warrick County,IN,103,299
Washington County,IN,107,309
Wayne County,IN,117,317
Wells County,IN,124,316
White County,IN,124,303
Whitley County,IN,128,313
Adair County,IA,129,242
Adams County,IA,127,240
Allamakee County,IA,145,266
Appanoose County,IA,124,255
Audubon County,IA,132,238
Benton County,IA,135,261
Black Hawk County,IA,138,259
Boone County,IA,135,246
Bremer County,IA,141,259
Buchanan County,IA,138,263
Buena Vista County,IA,140,236
Butler County,IA,140,255
Calhoun County,IA,138,240
Carroll County,IA,135,239
Cass County,IA,129,238
Cedar County,IA,133,268
Cerro Gordo County,IA,143,251
Cherokee County,IA,140,233
Chickasaw County,IA,143,259
Clarke County,IA,127,247
Clay County,IA,143,236
Clayton County,IA,141,267
Clinton County,IA,134,273
Crawford County,IA,135,234
Dallas County,IA,132,245
Davis County,IA,124,258
Decatur County,IA,124,247
Delaware County,IA,138,267
Des Moines County,IA,126,268
Dickinson County,IA,146,236
Dubuque County,IA,138,270
Emmet County,IA,146,240
Fayette County,IA,141,263
Floyd County,IA,143,255
Franklin County,IA,140,251
Fremont County,IA,124,233
Greene County,IA,135,242
Grundy County,IA,138,255
Guthrie County,IA,132,241
Hamilton County,IA,138,248
Hancock County,IA,143,248
Hardin County,IA,138,252
Harrison County,IA,132,231
Henry County,IA,126,265
Howard County,IA,145,259
Humboldt County,IA,141,244
Ida County,IA,138,233
Iowa County,IA,132,261
Jackson County,IA,136,273
Jasper County,IA,132,253
Jefferson County,IA,127,262
Johnson County,IA,132,265
Jones County,IA,135,268
Keokuk County,IA,129,260
Kossuth County,IA,144,244
Lee County,IA,124,266
Linn County,IA,135,265
Louisa County,IA,128,267
Lucas County,IA,127,251
Lyon County,IA,146,228
Madison County,IA,129,245
Mahaska County,IA,129,256
Marion County,IA,129,253
Marshall County,IA,135,254
Mills County,IA,127,233
Mitchell County,IA,145,255
Monona County,IA,135,230
Monroe County,IA,127,255
Montgomery County,IA,127,236
Muscatine County,IA,130,269
O'Brien County,IA,143,233
Osceola County,IA,146,233
Page County,IA,124,236
Palo Alto County,IA,143,240
Plymouth County,IA,140,228
Pocahontas County,IA,140,240
Polk County,IA,132,249
Pottawattamie County,IA,129,233
Poweshiek County,IA,132,257
Ringgold County,IA,124,244
Sac County,IA,138,237
Scott County,IA,132,273
Shelby County,IA,132,235
Sioux County,IA,143,228
Story County,IA,135,250
Tama County,IA,135,257
Taylor County,IA,124,240
Union County,IA,127,244
Van Buren County,IA,125,262
Wapello County,IA,127,258
Warren County,IA,129,249
Washington County,IA,129,264
Wayne County,IA,124,251
Webster County,IA,138,244
Winnebago County,IA,146,248
Winneshiek County,IA,145,263
Woodbury County,IA,138,229
Worth County,IA,146,251
Wright County,IA,140,248
Allen County,KS,102,235
Anderson County,KS,104,235
Atchison County,KS,115,235
Barber County,KS, 96,208
Barton County,KS,106,207
Bourbon County,KS,101,239
Brown County,KS,117,233
Butler County,KS,101,223
Chase County,KS,105,225
Chautauqua County,KS, 96,228
Cherokee County,KS, 96,239
Cheyenne County,KS,117,184
Clark County,KS, 96,199
Clay County,KS,113,220
Cloud County,KS,114,216
Coffey County,KS,104,232
Comanche County,KS, 96,203
Cowley County,KS, 96,223
Crawford County,KS, 99,239
Decatur County,KS,117,194
Dickinson County,KS,109,220
Doniphan County,KS,117,236
Douglas County,KS,110,235
Edwards County,KS,102,203
Elk County,KS, 98,228
Ellis County,KS,110,203
Ellsworth County,KS,108,212
Finney County,KS,103,192
Ford County,KS,100,198
Franklin County,KS,107,235
Geary County,KS,111,223
Gove County,KS,110,194
Graham County,KS,113,198
Grant County,KS, 99,187
Gray County,KS,100,194
Greeley County,KS,106,183
Greenwood County,KS,102,228
Hamilton County,KS,102,183
Harper County,KS, 96,213
Harvey County,KS,103,218
Haskell County,KS, 99,191
Hodgeman County,KS,103,198
Jackson County,KS,114,231
Jefferson County,KS,112,234
Jewell County,KS,117,212
Johnson County,KS,110,239
Kearny County,KS,103,187
Kingman County,KS, 99,212
Kiowa County,KS, 99,203
Labette County,KS, 96,235
Lane County,KS,106,194
Leavenworth County,KS,112,237
Lincoln County,KS,111,212
Linn County,KS,104,239
Logan County,KS,110,188
Lyon County,KS,106,228
McPherson County,KS,106,216
Marion County,KS,105,221
Marshall County,KS,117,225
Meade County,KS, 96,195
Miami County,KS,107,239
Mitchell County,KS,114,212
Montgomery County,KS, 96,232
Morris County,KS,108,224
Morton County,KS, 96,183
Nemaha County,KS,117,229
Neosho County,KS, 99,235
Ness County,KS,106,198
Norton County,KS,117,198
Osage County,KS,108,232
Osborne County,KS,113,207
Ottawa County,KS,112,216
Pawnee County,KS,104,204
Phillips County,KS,117,203
Pottawatomie County,KS,114,227
Pratt County,KS,100,208
Rawlins County,KS,117,189
Reno County,KS,102,213
Republic County,KS,117,216
Rice County,KS,105,212
Riley County,KS,113,224
Rooks County,KS,113,203
Rush County,KS,107,203
Russell County,KS,110,207
Saline County,KS,109,216
Scott County,KS,106,190
Sedgwick County,KS,100,218
Seward County,KS, 96,191
Shawnee County,KS,111,231
Sheridan County,KS,113,194
Sherman County,KS,113,184
Smith County,KS,117,207
Stafford County,KS,103,208
Stanton County,KS, 99,183
Stevens County,KS, 96,187
Sumner County,KS, 96,218
Thomas County,KS,113,189
Trego County,KS,110,199
Wabaunsee County,KS,110,228
Wallace County,KS,110,183
Washington County,KS,117,221
Wichita County,KS,106,187
Wilson County,KS, 99,232
Woodson County,KS,102,232
Wyandotte County,KS,111,239
Adair County,KY, 95,315
Allen County,KY, 93,308
Anderson County,KY,103,318
Ballard County,KY, 95,286
Barren County,KY, 94,310
Bath County,KY,104,328
Bell County,KY, 92,328
Boone County,KY,110,320
Bourbon County,KY,104,324
Boyd County,KY,105,336
Boyle County,KY, 99,319
Bracken County,KY,108,325
Breathitt County,KY, 99,331
Breckinridge County,KY,101,306
Bullitt County,KY,102,312
Butler County,KY, 96,304
Caldwell County,KY, 96,295
Calloway County,KY, 91,291
Campbell County,KY,110,322
Carlisle County,KY, 93,286
Carroll County,KY,108,317
Carter County,KY,105,333
Casey County,KY, 97,318
Christian County,KY, 94,298
Clark County,KY,102,324
Clay County,KY, 96,328
Clinton County,KY, 92,316
Crittenden County,KY, 97,293
Cumberland County,KY, 93,314
Daviess County,KY,100,301
Edmonson County,KY, 96,308
Elliott County,KY,103,333
Estill County,KY,100,326
Fayette County,KY,103,322
Fleming County,KY,105,328
Floyd County,KY, 99,336
Franklin County,KY,104,318
Fulton County,KY, 91,284
Gallatin County,KY,109,319
Garrard County,KY,100,321
Grant County,KY,108,321
Graves County,KY, 92,288
Grayson County,KY, 98,307
Green County,KY, 97,313
Greenup County,KY,107,334
Hancock County,KY,101,303
Hardin County,KY,100,310
Harlan County,KY, 93,332
Harrison County,KY,106,323
Hart County,KY, 97,310
Henderson County,KY,101,297
Henry County,KY,106,317
Hickman County,KY, 92,286
Hopkins County,KY, 97,297
Jackson County,KY, 98,325
Jefferson County,KY,104,312
Jessamine County,KY,101,321
Johnson County,KY,101,335
Kenton County,KY,110,321
Knott County,KY, 97,334
Knox County,KY, 94,327
Larue County,KY, 99,312
Laurel County,KY, 95,325
Lawrence County,KY,103,336
Lee County,KY, 99,328
Leslie County,KY, 95,330
Letcher County,KY, 95,335
Lewis County,KY,107,330
Lincoln County,KY, 98,320
Livingston County,KY, 96,291
Logan County,KY, 93,302
Lyon County,KY, 95,293
McCracken County,KY, 95,288
McCreary County,KY, 92,322
McLean County,KY, 99,299
Madison County,KY,100,323
Magoffin County,KY,100,333
Marion County,KY, 99,315
Marshall County,KY, 94,291
Martin County,KY,101,337
Mason County,KY,107,327
Meade County,KY,102,308
Menifee County,KY,102,329
Mercer County,KY,101,319
Metcalfe County,KY, 94,312
Monroe County,KY, 92,312
Montgomery County,KY,103,326
Morgan County,KY,102,331
Muhlenberg County,KY, 96,300
Nelson County,KY,101,314
Nicholas County,KY,105,325
Ohio County,KY, 98,303
Oldham County,KY,106,314
Owen County,KY,107,319
Owsley County,KY, 98,328
Pendleton County,KY,108,323
Perry County,KY, 96,332
Pike County,KY, 98,338
Powell County,KY,101,327
Pulaski County,KY, 95,321
Robertson County,KY,107,325
Rockcastle County,KY, 97,323
Rowan County,KY,104,330
Russell County,KY, 94,317
Scott County,KY,105,321
Shelby County,KY,104,316
Simpson County,KY, 92,305
Spencer County,KY,103,315
Taylor County,KY, 97,315
Todd County,KY, 93,300
Trigg County,KY, 93,295
Trimble County,KY,107,315
Union County,KY,100,294
Warren County,KY, 94,306
Washington County,KY,101,316
Wayne County,KY, 93,319
Webster County,KY, 99,296
Whitley County,KY, 93,324
Wolfe County,KY,100,330
Woodford County,KY,103,320
Acadia Parish,LA, 41,258
Allen Parish,LA, 44,255
Ascension Parish,LA, 40,270
Assumption Parish,LA, 38,269
Avoyelles Parish,LA, 47,261
Beauregard Parish,LA, 44,251
Bienville Parish,LA, 57,253
Bossier Parish,LA, 60,249
Caddo Parish,LA, 59,246
Calcasieu Parish,LA, 40,251
Caldwell Parish,LA, 55,261
Cameron Parish,LA, 37,252
Catahoula Parish,LA, 52,263
Claiborne Parish,LA, 61,254
Concordia Parish,LA, 50,264
De Soto Parish,LA, 55,248
East Baton Rouge Parish,LA, 43,269
East Carroll Parish,LA, 60,268
East Feliciana Parish,LA, 45,269
Evangeline Parish,LA, 44,258
Franklin Parish,LA, 56,264
Grant Parish,LA, 51,257
Iberia Parish,LA, 38,264
Iberville Parish,LA, 41,267
Jackson Parish,LA, 57,257
Jefferson Parish,LA, 38,276
Jefferson Davis Parish,LA, 41,255
Lafayette Parish,LA, 40,261
Lafourche Parish,LA, 35,274
La Salle Parish,LA, 52,260
Lincoln Parish,LA, 59,256
Livingston Parish,LA, 42,272
Madison Parish,LA, 57,268
Morehouse Parish,LA, 61,263
Natchitoches Parish,LA, 52,253
Orleans Parish,LA, 39,278
Ouachita Parish,LA, 58,260
Plaquemines Parish,LA, 34,280
Pointe Coupee Parish,LA, 44,265
Rapides Parish,LA, 48,257
Red River Parish,LA, 55,251
Richland Parish,LA, 58,263
Sabine Parish,LA, 51,249
Saint Bernard Parish,LA, 41,282
Saint Charles Parish,LA, 38,275
Saint Helena Parish,LA, 45,272
Saint James Parish,LA, 39,271
Saint John the Baptist Parish,LA, 39,273
Saint Landry Parish,LA, 43,261
Saint Martin Parish,LA, 40,264
Saint Mary Parish,LA, 36,266
Saint Tammany Parish,LA, 42,278
Tangipahoa Parish,LA, 44,274
Tensas Parish,LA, 55,267
Terrebonne Parish,LA, 34,271
Union Parish,LA, 61,259
Vermilion Parish,LA, 37,259
Vernon Parish,LA, 47,252
Washington Parish,LA, 45,277
Webster Parish,LA, 60,251
West Baton Rouge Parish,LA, 42,267
West Carroll Parish,LA, 61,266
West Feliciana Parish,LA, 47,264
Winn Parish,LA, 54,256
Androscoggin County,ME,152,436
Aroostook County,ME,172,449
Cumberland County,ME,149,434
Franklin County,ME,158,434
Hancock County,ME,156,451
Kennebec County,ME,154,439
Knox County,ME,152,444
Lincoln County,ME,151,441
Oxford County,ME,154,431
Penobscot County,ME,162,448
Piscataquis County,ME,165,443
Sagadahoc County,ME,151,438
Somerset County,ME,163,438
Waldo County,ME,155,444
Washington County,ME,159,456
York County,ME,146,432
Allegany County,MD,115,368
Anne Arundel County,MD,111,385
Baltimore County,MD,114,384
Calvert County,MD,107,385
Caroline County,MD,109,391
Carroll County,MD,115,381
Cecil County,MD,115,390
Charles County,MD,107,382
Dorchester County,MD,106,389
Frederick County,MD,114,378
Garrett County,MD,115,363
Harford County,MD,115,387
Howard County,MD,113,382
Kent County,MD,113,389
Montgomery County,MD,112,380
Prince George's County,MD,109,383
Queen Anne's County,MD,111,390
Saint Mary's County,MD,105,385
Somerset County,MD,104,392
Talbot County,MD,109,389
Washington County,MD,115,375
Wicomico County,MD,105,393
Worcester County,MD,104,395
Baltimore City,MD,113,385
Barnstable County,MA,132,435
Berkshire County,MA,137,412
Bristol County,MA,133,429
Dukes County,MA,130,432
Essex County,MA,140,430
Franklin County,MA,139,417
Hampden County,MA,136,416
Hampshire County,MA,137,416
Middlesex County,MA,138,426
Nantucket County,MA,132,437
Norfolk County,MA,137,428
Plymouth County,MA,134,431
Suffolk County,MA,138,429
Worcester County,MA,137,422
Alcona County,MI,156,329
Alger County,MI,170,305
Allegan County,MI,139,310
Alpena County,MI,159,328
Antrim County,MI,158,316
Arenac County,MI,151,326
Baraga County,MI,172,291
Barry County,MI,139,315
Bay County,MI,148,326
Benzie County,MI,156,309
Berrien County,MI,134,306
Branch County,MI,134,317
Calhoun County,MI,136,317
Cass County,MI,134,310
Charlevoix County,MI,160,317
Cheboygan County,MI,162,322
Chippewa County,MI,169,320
Clare County,MI,150,319
Clinton County,MI,142,321
Crawford County,MI,156,321
Delta County,MI,166,302
Dickinson County,MI,167,295
Eaton County,MI,139,319
Emmet County,MI,163,318
Genesee County,MI,143,328
Gladwin County,MI,150,322
Gogebic County,MI,170,280
Grand Traverse County,MI,156,313
Gratiot County,MI,145,321
Hillsdale County,MI,134,321
Houghton County,MI,176,290
Huron County,MI,149,333
Ingham County,MI,139,323
Ionia County,MI,142,317
Iosco County,MI,153,328
Iron County,MI,168,289
Isabella County,MI,148,319
Jackson County,MI,136,322
Kalamazoo County,MI,136,313
Kalkaska County,MI,156,317
Kent County,MI,143,313
Keweenaw County,MI,177,291
Lake County,MI,150,311
Lapeer County,MI,143,332
Leelanau County,MI,158,312
Lenawee County,MI,134,325
Livingston County,MI,139,326
Luce County,MI,170,313
Mackinac County,MI,167,316
Macomb County,MI,140,334
Manistee County,MI,153,309
Marquette County,MI,170,298
Mason County,MI,150,308
Mecosta County,MI,148,315
Menominee County,MI,163,297
Midland County,MI,148,322
Missaukee County,MI,153,317
Monroe County,MI,134,329
Montcalm County,MI,145,316
Montmorency County,MI,159,324
Muskegon County,MI,145,308
Newaygo County,MI,147,311
Oakland County,MI,140,330
Oceana County,MI,148,307
Ogemaw County,MI,153,324
Ontonagon County,MI,172,283
Osceola County,MI,150,315
Oscoda County,MI,156,324
Otsego County,MI,159,321
Ottawa County,MI,142,310
Presque Isle County,MI,161,326
Roscommon County,MI,153,321
Saginaw County,MI,145,325
Saint Clair County,MI,142,336
Saint Joseph County,MI,134,313
Sanilac County,MI,146,335
Schoolcraft County,MI,168,308
Shiawassee County,MI,142,324
Tuscola County,MI,146,330
Van Buren County,MI,137,309
Washtenaw County,MI,137,327
Wayne County,MI,137,331
Wexford County,MI,153,313
Aitkin County,MN,171,250
Anoka County,MN,161,252
Becker County,MN,174,232
Beltrami County,MN,181,238
Benton County,MN,164,246
Big Stone County,MN,162,226
Blue Earth County,MN,151,245
Brown County,MN,152,240
Carlton County,MN,171,256
Carver County,MN,157,247
Cass County,MN,174,243
Chippewa County,MN,159,233
Chisago County,MN,163,254
Clay County,MN,174,226
Clearwater County,MN,179,234
Cook County,MN,182,274
Cottonwood County,MN,151,236
Crow Wing County,MN,170,245
Dakota County,MN,156,253
Dodge County,MN,151,255
Douglas County,MN,166,234
Faribault County,MN,148,246
Fillmore County,MN,148,261
Freeborn County,MN,148,251
Goodhue County,MN,154,256
Grant County,MN,166,229
Hennepin County,MN,159,250
Houston County,MN,148,266
Hubbard County,MN,175,238
Isanti County,MN,163,251
Itasca County,MN,179,248
Jackson County,MN,148,236
Kanabec County,MN,166,251
Kandiyohi County,MN,160,237
Kittson County,MN,189,223
Koochiching County,MN,184,247
Lac qui Parle County,MN,158,228
Lake County,MN,180,266
Lake of the Woods County,MN,189,238
Le Sueur County,MN,153,248
Lincoln County,MN,154,227
Lyon County,MN,154,231
McLeod County,MN,157,243
Mahnomen County,MN,177,231
Marshall County,MN,185,227
Martin County,MN,148,241
Meeker County,MN,159,241
Mille Lacs County,MN,166,248
Morrison County,MN,167,243
Mower County,MN,148,255
Murray County,MN,151,231
Nicollet County,MN,153,244
Nobles County,MN,148,231
Norman County,MN,177,226
Olmsted County,MN,151,258
Otter Tail County,MN,170,232
Pennington County,MN,183,229
Pine County,MN,167,256
Pipestone County,MN,151,227
Polk County,MN,181,226
Pope County,MN,163,234
Ramsey County,MN,159,253
Red Lake County,MN,181,229
Redwood County,MN,154,235
Renville County,MN,156,238
Rice County,MN,153,251
Rock County,MN,148,227
Roseau County,MN,189,231
Saint Louis County,MN,179,258
Scott County,MN,156,249
Sherburne County,MN,162,247
Sibley County,MN,155,244
Stearns County,MN,163,241
Steele County,MN,151,252
Stevens County,MN,163,229
Swift County,MN,161,232
Todd County,MN,167,238
Traverse County,MN,165,226
Wabasha County,MN,153,260
Wadena County,MN,171,238
Waseca County,MN,151,249
Washington County,MN,159,254
Watonwan County,MN,150,241
Wilkin County,MN,169,226
Winona County,MN,150,263
Wright County,MN,160,246
Yellow Medicine County,MN,156,231
Adams County,MS, 50,267
Alcorn County,MS, 78,289
Amite County,MS, 48,271
Attala County,MS, 63,281
Benton County,MS, 77,284
Bolivar County,MS, 69,270
Calhoun County,MS, 70,283
Carroll County,MS, 66,278
Chickasaw County,MS, 70,286
Choctaw County,MS, 65,284
Claiborne County,MS, 54,270
Clarke County,MS, 55,288
Clay County,MS, 68,287
Coahoma County,MS, 72,273
Copiah County,MS, 53,274
Covington County,MS, 52,281
DeSoto County,MS, 78,278
Forrest County,MS, 48,283
Franklin County,MS, 50,270
George County,MS, 45,288
Greene County,MS, 48,288
Grenada County,MS, 69,279
Hancock County,MS, 42,282
Harrison County,MS, 43,285
Hinds County,MS, 57,274
Holmes County,MS, 63,277
Humphreys County,MS, 64,273
Issaquena County,MS, 60,270
Itawamba County,MS, 73,291
Jackson County,MS, 43,288
Jasper County,MS, 55,285
Jefferson County,MS, 52,269
Jefferson Davis County,MS, 51,279
Jones County,MS, 51,284
Kemper County,MS, 61,288
Lafayette County,MS, 73,282
Lamar County,MS, 48,281
Lauderdale County,MS, 58,288
Lawrence County,MS, 51,277
Leake County,MS, 61,281
Lee County,MS, 73,288
Leflore County,MS, 67,275
Lincoln County,MS, 51,274
Lowndes County,MS, 66,290
Madison County,MS, 60,277
Marion County,MS, 48,279
Marshall County,MS, 77,281
Monroe County,MS, 70,290
Montgomery County,MS, 66,281
Neshoba County,MS, 61,285
Newton County,MS, 58,285
Noxubee County,MS, 63,289
Oktibbeha County,MS, 66,286
Panola County,MS, 73,278
Pearl River County,MS, 45,281
Perry County,MS, 48,286
Pike County,MS, 48,274
Pontotoc County,MS, 72,285
Prentiss County,MS, 75,289
Quitman County,MS, 73,275
Rankin County,MS, 57,278
Scott County,MS, 58,281
Sharkey County,MS, 62,271
Simpson County,MS, 54,278
Smith County,MS, 55,281
Stone County,MS, 45,285
Sunflower County,MS, 67,273
Tallahatchie County,MS, 70,276
Tate County,MS, 76,278
Tippah County,MS, 77,286
Tishomingo County,MS, 76,292
Tunica County,MS, 76,274
Union County,MS, 74,285
Walthall County,MS, 48,277
Warren County,MS, 57,271
Washington County,MS, 65,270
Wayne County,MS, 52,288
Webster County,MS, 67,283
Wilkinson County,MS, 48,267
Winston County,MS, 63,285
Yalobusha County,MS, 71,280
Yazoo County,MS, 61,274
Adair County,MO,120,257
Andrew County,MO,118,239
Atchison County,MO,122,234
Audrain County,MO,112,263
Barry County,MO, 92,247
Barton County,MO, 99,243
Bates County,MO,105,243
Benton County,MO,105,251
Bollinger County,MO, 97,277
Boone County,MO,110,259
Buchanan County,MO,116,239
Butler County,MO, 92,274
Caldwell County,MO,116,246
Callaway County,MO,109,262
Camden County,MO,103,255
Cape Girardeau County,MO, 98,280
Carroll County,MO,114,249
Carter County,MO, 94,270
Cass County,MO,108,243
Cedar County,MO,100,247
Chariton County,MO,115,254
Christian County,MO, 94,252
Clark County,MO,122,264
Clay County,MO,113,242
Clinton County,MO,115,242
Cole County,MO,107,259
Cooper County,MO,109,255
Crawford County,MO,102,267
Dade County,MO, 98,247
Dallas County,MO,100,253
Daviess County,MO,118,246
DeKalb County,MO,118,242
Dent County,MO, 99,265
Douglas County,MO, 94,258
Dunklin County,MO, 89,277
Franklin County,MO,106,269
Gasconade County,MO,106,265
Gentry County,MO,120,242
Greene County,MO, 97,251
Grundy County,MO,119,249
Harrison County,MO,121,246
Henry County,MO,106,247
Hickory County,MO,102,251
Holt County,MO,119,236
Howard County,MO,112,256
Howell County,MO, 93,262
Iron County,MO, 99,271
Jackson County,MO,111,243
Jasper County,MO, 96,243
Jefferson County,MO,105,273
Johnson County,MO,108,247
Knox County,MO,120,260
Laclede County,MO,100,257
Lafayette County,MO,111,247
Lawrence County,MO, 95,247
Lewis County,MO,119,264
Lincoln County,MO,111,270
Linn County,MO,117,253
Livingston County,MO,117,249
McDonald County,MO, 92,243
Macon County,MO,117,257
Madison County,MO, 98,275
Maries County,MO,104,262
Marion County,MO,117,265
Mercer County,MO,122,249
Miller County,MO,104,258
Mississippi County,MO, 93,283
Moniteau County,MO,108,257
Monroe County,MO,114,261
Montgomery County,MO,110,266
Morgan County,MO,106,254
New Madrid County,MO, 91,280
Newton County,MO, 94,243
Nodaway County,MO,121,238
Oregon County,MO, 92,266
Osage County,MO,106,263
Ozark County,MO, 92,258
Pemiscot County,MO, 88,279
Perry County,MO,100,279
Pettis County,MO,108,251
Phelps County,MO,102,263
Pike County,MO,113,268
Platte County,MO,114,239
Polk County,MO, 99,250
Pulaski County,MO,101,260
Putnam County,MO,122,253
Ralls County,MO,115,265
Randolph County,MO,114,258
Ray County,MO,113,246
Reynolds County,MO, 97,270
Ripley County,MO, 92,271
Saint Charles County,MO,109,272
Saint Clair County,MO,103,247
Sainte Genevieve County,MO,102,276
Saint Francois County,MO,101,274
Saint Louis County,MO,108,274
Saline County,MO,112,252
Schuyler County,MO,122,257
Scotland County,MO,122,260
Scott County,MO, 95,281
Shannon County,MO, 96,266
Shelby County,MO,117,261
Stoddard County,MO, 93,278
Stone County,MO, 92,250
Sullivan County,MO,120,253
Taney County,MO, 92,253
Texas County,MO, 97,262
Vernon County,MO,101,243
Warren County,MO,109,268
Washington County,MO,102,270
Wayne County,MO, 95,274
Webster County,MO, 97,254
Worth County,MO,122,242
Wright County,MO, 97,258
Saint Louis City,MO,108,276
Beaverhead County,MT,160, 94
Big Horn County,MT,162,138
Blaine County,MT,186,126
Broadwater County,MT,169,106
Carbon County,MT,160,125
Carter County,MT,163,161
Cascade County,MT,177,107
Chouteau County,MT,182,114
Custer County,MT,169,153
Daniels County,MT,189,153
Dawson County,MT,177,158
Deer Lodge County,MT,167, 93
Fallon County,MT,169,162
Fergus County,MT,177,124
Flathead County,MT,185, 85
Gallatin County,MT,163,108
Garfield County,MT,177,142
Glacier County,MT,188, 94
Golden Valley County,MT,170,124
Granite County,MT,170, 90
Hill County,MT,188,117
Jefferson County,MT,168,101
Judith Basin County,MT,175,115
Lake County,MT,180, 85
Lewis and Clark County,MT,175, 98
Liberty County,MT,187,109
Lincoln County,MT,187, 74
McCone County,MT,180,151
Madison County,MT,161,102
Meagher County,MT,171,110
Mineral County,MT,176, 78
Missoula County,MT,175, 86
Musselshell County,MT,170,130
Park County,MT,162,113
Petroleum County,MT,175,131
Phillips County,MT,185,134
Pondera County,MT,184,100
Powder River County,MT,162,152
Powell County,MT,173, 94
Prairie County,MT,173,154
Ravalli County,MT,167, 85
Richland County,MT,181,161
Roosevelt County,MT,185,157
Rosebud County,MT,168,144
Sanders County,MT,180, 76
Sheridan County,MT,188,161
Silver Bow County,MT,166, 96
Stillwater County,MT,164,122
Sweet Grass County,MT,165,118
Teton County,MT,181,100
Toole County,MT,188,104
Treasure County,MT,168,139
Valley County,MT,185,144
Wheatland County,MT,170,119
Wibaux County,MT,174,164
Yellowstone County,MT,166,131
Adams County,NE,123,209
Antelope County,NE,136,213
Arthur County,NE,131,184
Banner County,NE,131,168
Blaine County,NE,134,198
Boone County,NE,132,213
Box Butte County,NE,136,173
Boyd County,NE,142,207
Brown County,NE,138,198
Buffalo County,NE,125,205
Burt County,NE,133,227
Butler County,NE,128,220
Cass County,NE,126,228
Cedar County,NE,139,219
Chase County,NE,123,184
Cherry County,NE,139,189
Cheyenne County,NE,128,174
Clay County,NE,123,213
Colfax County,NE,131,221
Cuming County,NE,134,223
Custer County,NE,130,200
Dakota County,NE,138,225
Dawes County,NE,140,172
Dawson County,NE,125,199
Deuel County,NE,127,179
Dixon County,NE,138,223
Dodge County,NE,131,224
Douglas County,NE,129,228
Dundy County,NE,120,184
Fillmore County,NE,123,217
Franklin County,NE,120,206
Frontier County,NE,123,194
Furnas County,NE,120,198
Gage County,NE,121,224
Garden County,NE,131,179
Garfield County,NE,134,206
Gosper County,NE,123,199
Grant County,NE,134,184
Greeley County,NE,131,209
Hall County,NE,125,209
Hamilton County,NE,125,213
Harlan County,NE,120,202
Hayes County,NE,123,189
Hitchcock County,NE,120,189
Holt County,NE,138,207
Hooker County,NE,134,188
Howard County,NE,128,209
Jefferson County,NE,120,220
Johnson County,NE,122,227
Kearney County,NE,123,206
Keith County,NE,128,184
Keya Paha County,NE,142,200
Kimball County,NE,128,168
Knox County,NE,140,214
Lancaster County,NE,125,224
Lincoln County,NE,127,192
Logan County,NE,131,194
Loup County,NE,134,202
McPherson County,NE,131,189
Madison County,NE,134,217
Merrick County,NE,128,213
Morrill County,NE,132,173
Nance County,NE,130,214
Nemaha County,NE,122,231
Nuckolls County,NE,120,213
Otoe County,NE,124,228
Pawnee County,NE,120,228
Perkins County,NE,125,184
Phelps County,NE,123,202
Pierce County,NE,137,217
Platte County,NE,131,217
Polk County,NE,128,217
Red Willow County,NE,120,194
Richardson County,NE,119,232
Rock County,NE,138,202
Saline County,NE,123,220
Sarpy County,NE,127,229
Saunders County,NE,128,224
Scotts Bluff County,NE,133,168
Seward County,NE,125,220
Sheridan County,NE,139,178
Sherman County,NE,128,206
Sioux County,NE,138,167
Stanton County,NE,134,220
Thayer County,NE,120,217
Thomas County,NE,134,193
Thurston County,NE,136,225
Valley County,NE,131,206
Washington County,NE,131,228
Wayne County,NE,136,221
Webster County,NE,120,210
Wheeler County,NE,134,209
York County,NE,125,217
Churchill County,NV,115, 51
Clark County,NV, 88, 77
Douglas County,NV,110, 41
Elko County,NV,128, 75
Esmeralda County,NV,101, 56
Eureka County,NV,118, 67
Humboldt County,NV,130, 53
Lander County,NV,118, 61
Lincoln County,NV,100, 78
Lyon County,NV,111, 44
Mineral County,NV,107, 50
Nye County,NV,103, 66
Pershing County,NV,122, 50
Storey County,NV,114, 41
Washoe County,NV,124, 40
White Pine County,NV,114, 78
Carson City,NV,112, 40
Belknap County,NH,147,426
Carroll County,NH,149,428
Cheshire County,NH,142,419
Coos County,NH,156,427
Grafton County,NH,150,423
Hillsborough County,NH,142,424
Merrimack County,NH,145,424
Rockingham County,NH,142,428
Strafford County,NH,145,429
Sullivan County,NH,145,420
Atlantic County,NJ,114,400
Bergen County,NJ,126,405
Burlington County,NJ,118,400
Camden County,NJ,117,398
Cape May County,NJ,112,399
Cumberland County,NJ,113,397
Essex County,NJ,125,404
Gloucester County,NJ,116,396
Hudson County,NJ,124,405
Hunterdon County,NJ,123,398
Mercer County,NJ,121,400
Middlesex County,NJ,122,402
Monmouth County,NJ,121,404
Morris County,NJ,125,401
Ocean County,NJ,118,403
Passaic County,NJ,127,403
Salem County,NJ,115,395
Somerset County,NJ,123,401
Sussex County,NJ,128,400
Union County,NJ,124,403
Warren County,NJ,125,398
Bernalillo County,NM, 79,144
Catron County,NM, 70,130
Chaves County,NM, 65,162
Cibola County,NM, 78,133
Colfax County,NM, 91,160
Curry County,NM, 75,171
DeBaca County,NM, 73,162
Dona Ana County,NM, 57,143
Eddy County,NM, 58,163
Grant County,NM, 60,130
Guadalupe County,NM, 77,159
Harding County,NM, 85,167
Hidalgo County,NM, 54,128
Lea County,NM, 61,170
Lincoln County,NM, 68,154
Los Alamos County,NM, 85,147
Luna County,NM, 56,136
McKinley County,NM, 83,131
Mora County,NM, 87,158
Otero County,NM, 59,152
Quay County,NM, 79,169
Rio Arriba County,NM, 91,144
Roosevelt County,NM, 71,170
Sandoval County,NM, 84,143
San Juan County,NM, 91,131
San Miguel County,NM, 82,159
Santa Fe County,NM, 83,150
Sierra County,NM, 64,140
Socorro County,NM, 71,142
Taos County,NM, 91,152
Torrance County,NM, 76,151
Union County,NM, 90,170
Valencia County,NM, 76,143
Albany County,NY,139,406
Allegany County,NY,137,373
Bronx County,NY,125,407
Broome County,NY,136,391
Cattaraugus County,NY,136,368
Cayuga County,NY,142,385
Chautauqua County,NY,136,363
Chemung County,NY,136,383
Chenango County,NY,138,393
Clinton County,NY,156,408
Columbia County,NY,137,408
Cortland County,NY,139,389
Delaware County,NY,136,398
Dutchess County,NY,133,408
Erie County,NY,141,368
Essex County,NY,151,407
Franklin County,NY,155,403
Fulton County,NY,143,402
Genesee County,NY,143,372
Greene County,NY,137,405
Hamilton County,NY,148,402
Herkimer County,NY,146,398
Jefferson County,NY,151,390
Kings County,NY,124,406
Lewis County,NY,149,394
Livingston County,NY,140,375
Madison County,NY,142,392
Monroe County,NY,144,376
Montgomery County,NY,142,402
Nassau County,NY,125,409
New York County,NY,125,406
Niagara County,NY,144,368
Oneida County,NY,144,394
Onondaga County,NY,143,388
Ontario County,NY,141,379
Orange County,NY,130,403
Orleans County,NY,145,372
Oswego County,NY,146,388
Otsego County,NY,140,397
Putnam County,NY,130,408
Queens County,NY,124,407
Rensselaer County,NY,140,409
Richmond County,NY,123,404
Rockland County,NY,128,405
Saint Lawrence County,NY,154,397
Saratoga County,NY,143,407
Schenectady County,NY,141,405
Schoharie County,NY,139,402
Schuyler County,NY,138,382
Seneca County,NY,141,383
Steuben County,NY,137,378
Suffolk County,NY,125,413
Sullivan County,NY,132,399
Tioga County,NY,136,387
Tompkins County,NY,138,386
Ulster County,NY,134,403
Warren County,NY,147,407
Washington County,NY,145,410
Wayne County,NY,144,381
Westchester County,NY,128,408
Wyoming County,NY,140,372
Yates County,NY,140,381
Alamance County,NC, 87,362
Alexander County,NC, 86,348
Alleghany County,NC, 90,348
Anson County,NC, 78,357
Ashe County,NC, 90,345
Avery County,NC, 87,342
Beaufort County,NC, 83,383
Bertie County,NC, 87,382
Bladen County,NC, 75,369
Brunswick County,NC, 71,372
Buncombe County,NC, 83,337
Burke County,NC, 84,344
Cabarrus County,NC, 82,353
Caldwell County,NC, 86,345
Camden County,NC, 90,388
Carteret County,NC, 77,384
Caswell County,NC, 90,363
Catawba County,NC, 84,348
Chatham County,NC, 84,363
Cherokee County,NC, 80,325
Chowan County,NC, 88,385
Clay County,NC, 79,327
Cleveland County,NC, 81,345
Columbus County,NC, 73,368
Craven County,NC, 80,380
Cumberland County,NC, 79,367
Currituck County,NC, 91,389
Dare County,NC, 85,391
Davidson County,NC, 85,356
Davie County,NC, 86,353
Duplin County,NC, 78,374
Durham County,NC, 87,366
Edgecombe County,NC, 86,377
Forsyth County,NC, 88,355
Franklin County,NC, 87,371
Gaston County,NC, 81,348
Gates County,NC, 90,384
Graham County,NC, 81,327
Granville County,NC, 89,368
Greene County,NC, 82,376
Guilford County,NC, 87,359
Halifax County,NC, 89,376
Harnett County,NC, 81,367
Haywood County,NC, 83,334
Henderson County,NC, 81,338
Hertford County,NC, 89,382
Hoke County,NC, 79,364
Hyde County,NC, 83,387
Iredell County,NC, 85,351
Jackson County,NC, 81,332
Johnston County,NC, 83,371
Jones County,NC, 79,379
Lee County,NC, 82,364
Lenoir County,NC, 80,376
Lincoln County,NC, 82,348
McDowell County,NC, 84,341
Macon County,NC, 80,330
Madison County,NC, 85,336
Martin County,NC, 85,381
Mecklenburg County,NC, 80,351
Mitchell County,NC, 87,340
Montgomery County,NC, 81,358
Moore County,NC, 81,362
Nash County,NC, 86,374
New Hanover County,NC, 73,374
Northampton County,NC, 90,378
Onslow County,NC, 76,378
Orange County,NC, 87,365
Pamlico County,NC, 80,384
Pasquotank County,NC, 89,387
Pender County,NC, 75,374
Perquimans County,NC, 88,386
Person County,NC, 90,366
Pitt County,NC, 83,379
Polk County,NC, 81,340
Randolph County,NC, 84,359
Richmond County,NC, 79,360
Robeson County,NC, 76,365
Rockingham County,NC, 90,359
Rowan County,NC, 84,353
Rutherford County,NC, 82,342
Sampson County,NC, 78,371
Scotland County,NC, 77,362
Stanly County,NC, 81,355
Stokes County,NC, 90,356
Surry County,NC, 90,352
Swain County,NC, 82,330
Transylvania County,NC, 80,335
Tyrrell County,NC, 85,388
Union County,NC, 78,353
Vance County,NC, 89,370
Wake County,NC, 85,368
Warren County,NC, 90,373
Washington County,NC, 85,385
Watauga County,NC, 88,344
Wayne County,NC, 81,373
Wilkes County,NC, 88,348
Wilson County,NC, 84,374
Yadkin County,NC, 88,352
Yancey County,NC, 86,339
Adams County,ND,167,177
Barnes County,ND,174,213
Benson County,ND,182,207
Billings County,ND,175,170
Bottineau County,ND,189,191
Bowman County,ND,167,169
Burke County,ND,189,177
Burleigh County,ND,174,194
Cass County,ND,174,220
Cavalier County,ND,189,210
Dickey County,ND,167,209
Divide County,ND,189,170
Dunn County,ND,177,177
Eddy County,ND,180,206
Emmons County,ND,169,196
Foster County,ND,178,206
Golden Valley County,ND,174,167
Grand Forks County,ND,182,218
Grant County,ND,169,184
Griggs County,ND,178,212
Hettinger County,ND,170,178
Kidder County,ND,174,199
LaMoure County,ND,170,209
Logan County,ND,170,202
McHenry County,ND,184,192
McIntosh County,ND,167,202
McKenzie County,ND,180,170
McLean County,ND,179,187
Mercer County,ND,177,183
Morton County,ND,172,187
Mountrail County,ND,184,179
Nelson County,ND,182,212
Oliver County,ND,175,187
Pembina County,ND,189,217
Pierce County,ND,184,198
Ramsey County,ND,185,208
Ransom County,ND,170,216
Renville County,ND,188,184
Richland County,ND,169,222
Rolette County,ND,189,199
Sargent County,ND,167,216
Sheridan County,ND,179,195
Sioux County,ND,167,189
Slope County,ND,170,170
Stark County,ND,173,176
Steele County,ND,178,216
Stutsman County,ND,174,206
Towner County,ND,188,204
Traill County,ND,178,220
Walsh County,ND,185,216
Ward County,ND,184,185
Wells County,ND,179,200
Williams County,ND,185,170
Adams County,OH,109,330
Allen County,OH,125,325
Ashland County,OH,125,339
Ashtabula County,OH,132,352
Athens County,OH,113,341
Auglaize County,OH,123,324
Belmont County,OH,119,350
Brown County,OH,110,327
Butler County,OH,114,321
Carroll County,OH,123,349
Champaign County,OH,120,327
Clark County,OH,118,327
Clermont County,OH,111,324
Clinton County,OH,114,327
Columbiana County,OH,125,351
Coshocton County,OH,121,342
Crawford County,OH,125,334
Cuyahoga County,OH,130,344
Darke County,OH,120,321
Defiance County,OH,129,322
Delaware County,OH,121,333
Erie County,OH,130,336
Fairfield County,OH,117,336
Fayette County,OH,115,330
Franklin County,OH,118,333
Fulton County,OH,131,324
Gallia County,OH,109,339
Geauga County,OH,130,348
Greene County,OH,116,326
Guernsey County,OH,119,346
Hamilton County,OH,112,321
Hancock County,OH,127,328
Hardin County,OH,124,328
Harrison County,OH,121,349
Henry County,OH,129,325
Highland County,OH,112,329
Hocking County,OH,114,338
Holmes County,OH,123,342
Huron County,OH,128,337
Jackson County,OH,111,337
Jefferson County,OH,122,351
Knox County,OH,122,338
Lake County,OH,132,348
Lawrence County,OH,107,337
Licking County,OH,119,338
Logan County,OH,122,327
Lorain County,OH,129,340
Lucas County,OH,132,329
Madison County,OH,118,330
Mahoning County,OH,127,351
Marion County,OH,123,332
Medina County,OH,127,342
Meigs County,OH,111,341
Mercer County,OH,123,320
Miami County,OH,119,324
Monroe County,OH,116,349
Montgomery County,OH,117,323
Morgan County,OH,115,343
Morrow County,OH,123,335
Muskingum County,OH,118,342
Noble County,OH,117,346
Ottawa County,OH,131,333
Paulding County,OH,127,321
Perry County,OH,116,340
Pickaway County,OH,116,333
Pike County,OH,111,333
Portage County,OH,128,348
Preble County,OH,116,320
Putnam County,OH,127,324
Richland County,OH,125,337
Ross County,OH,113,333
Sandusky County,OH,129,332
Scioto County,OH,109,334
Seneca County,OH,127,332
Shelby County,OH,121,324
Stark County,OH,125,347
Summit County,OH,128,345
Trumbull County,OH,129,351
Tuscarawas County,OH,122,346
Union County,OH,121,331
Van Wert County,OH,125,321
Vinton County,OH,113,338
Warren County,OH,114,324
Washington County,OH,114,346
Wayne County,OH,125,342
Williams County,OH,131,321
Wood County,OH,129,329
Wyandot County,OH,125,331
Adair County,OK, 86,240
Alfalfa County,OK, 92,211
Atoka County,OK, 73,229
Beaver County,OK, 92,194
Beckham County,OK, 81,200
Blaine County,OK, 86,210
Bryan County,OK, 70,227
Caddo County,OK, 80,210
Canadian County,OK, 83,214
Carter County,OK, 73,219
Cherokee County,OK, 86,238
Choctaw County,OK, 71,233
Cimarron County,OK, 92,177
Cleveland County,OK, 80,219
Coal County,OK, 75,227
Comanche County,OK, 76,210
Cotton County,OK, 73,211
Craig County,OK, 93,236
Creek County,OK, 86,227
Custer County,OK, 84,205
Delaware County,OK, 90,239
Dewey County,OK, 86,205
Ellis County,OK, 88,199
Garfield County,OK, 90,215
Garvin County,OK, 76,219
Grady County,OK, 79,214
Grant County,OK, 93,215
Greer County,OK, 78,201
Harmon County,OK, 76,199
Harper County,OK, 93,200
Haskell County,OK, 80,237
Hughes County,OK, 79,227
Jackson County,OK, 75,202
Jefferson County,OK, 71,215
Johnston County,OK, 73,224
Kay County,OK, 93,220
Kingfisher County,OK, 86,214
Kiowa County,OK, 78,206
Latimer County,OK, 78,235
Le Flore County,OK, 78,240
Lincoln County,OK, 84,222
Logan County,OK, 86,218
Love County,OK, 70,220
McClain County,OK, 79,218
McCurtain County,OK, 71,239
McIntosh County,OK, 81,232
Major County,OK, 89,209
Marshall County,OK, 71,223
Mayes County,OK, 89,236
Murray County,OK, 74,221
Muskogee County,OK, 83,234
Noble County,OK, 90,220
Nowata County,OK, 93,233
Okfuskee County,OK, 82,227
Oklahoma County,OK, 83,218
Okmulgee County,OK, 84,230
Osage County,OK, 92,226
Ottawa County,OK, 93,239
Pawnee County,OK, 89,224
Payne County,OK, 87,222
Pittsburg County,OK, 78,232
Pontotoc County,OK, 76,224
Pottawatomie County,OK, 80,222
Pushmataha County,OK, 74,234
Roger Mills County,OK, 84,200
Rogers County,OK, 89,233
Seminole County,OK, 80,225
Sequoyah County,OK, 82,239
Stephens County,OK, 74,215
Texas County,OK, 92,186
Tillman County,OK, 73,206
Tulsa County,OK, 87,230
Wagoner County,OK, 86,233
Washington County,OK, 92,230
Washita County,OK, 81,206
Woods County,OK, 93,207
Woodward County,OK, 90,203
Baker County,OR,156, 56
Benton County,OR,154, 10
Clackamas County,OR,160, 20
Clatsop County,OR,167,  7
Columbia County,OR,166, 13
Coos County,OR,144,  5
Crook County,OR,152, 35
Curry County,OR,138,  4
Deschutes County,OR,150, 28
Douglas County,OR,145, 12
Gilliam County,OR,162, 36
Grant County,OR,154, 45
Harney County,OR,143, 46
Hood River County,OR,163, 24
Jackson County,OR,138, 16
Jefferson County,OR,156, 28
Josephine County,OR,137,  9
Klamath County,OR,140, 24
Lake County,OR,141, 34
Lane County,OR,150, 15
Lincoln County,OR,156,  7
Linn County,OR,154, 17
Malheur County,OR,144, 57
Marion County,OR,158, 17
Morrow County,OR,162, 41
Multnomah County,OR,163, 18
Polk County,OR,158, 10
Sherman County,OR,162, 32
Tillamook County,OR,162,  8
Umatilla County,OR,163, 48
Union County,OR,161, 53
Wallowa County,OR,163, 60
Wasco County,OR,160, 28
Washington County,OR,163, 13
Wheeler County,OR,156, 37
Yamhill County,OR,160, 11
Adams County,PA,117,380
Allegheny County,PA,122,358
Armstrong County,PA,125,362
Beaver County,PA,124,355
Bedford County,PA,119,370
Berks County,PA,122,390
Blair County,PA,122,371
Bradford County,PA,133,385
Bucks County,PA,121,397
Butler County,PA,126,358
Cambria County,PA,122,368
Cameron County,PA,130,372
Carbon County,PA,126,392
Centre County,PA,126,375
Chester County,PA,118,392
Clarion County,PA,128,362
Clearfield County,PA,127,370
Clinton County,PA,128,376
Columbia County,PA,127,386
Crawford County,PA,132,357
Cumberland County,PA,120,379
Dauphin County,PA,122,383
Delaware County,PA,118,394
Elk County,PA,130,368
Erie County,PA,134,357
Fayette County,PA,118,360
Forest County,PA,131,364
Franklin County,PA,118,376
Fulton County,PA,118,373
Greene County,PA,117,356
Huntingdon County,PA,122,374
Indiana County,PA,124,365
Jefferson County,PA,128,366
Juniata County,PA,123,378
Lackawanna County,PA,130,393
Lancaster County,PA,119,388
Lawrence County,PA,126,355
Lebanon County,PA,121,386
Lehigh County,PA,123,393
Luzerne County,PA,128,390
Lycoming County,PA,129,381
McKean County,PA,133,369
Mercer County,PA,129,355
Mifflin County,PA,123,377
Monroe County,PA,127,395
Montgomery County,PA,120,395
Montour County,PA,127,384
Northampton County,PA,125,395
Northumberland County,PA,125,384
Perry County,PA,122,379
Philadelphia County,PA,119,396
Pike County,PA,129,397
Potter County,PA,132,374
Schuylkill County,PA,124,388
Snyder County,PA,125,381
Somerset County,PA,118,365
Sullivan County,PA,130,385
Susquehanna County,PA,133,391
Tioga County,PA,133,379
Union County,PA,126,381
Venango County,PA,130,359
Warren County,PA,133,363
Washington County,PA,120,356
Wayne County,PA,132,395
Westmoreland County,PA,121,362
Wyoming County,PA,131,389
York County,PA,118,384
Bristol County,RI,132,428
Kent County,RI,132,425
Newport County,RI,131,428
Providence County,RI,133,425
Washington County,RI,130,425
Abbeville County,SC, 72,338
Aiken County,SC, 67,344
Allendale County,SC, 62,347
Anderson County,SC, 75,336
Bamberg County,SC, 64,349
Barnwell County,SC, 65,346
Beaufort County,SC, 59,352
Berkeley County,SC, 64,358
Calhoun County,SC, 68,351
Charleston County,SC, 63,361
Cherokee County,SC, 79,345
Chester County,SC, 76,348
Chesterfield County,SC, 76,356
Clarendon County,SC, 68,356
Colleton County,SC, 61,352
Darlington County,SC, 73,358
Dillon County,SC, 74,362
Dorchester County,SC, 63,354
Edgefield County,SC, 69,342
Fairfield County,SC, 74,349
Florence County,SC, 71,360
Georgetown County,SC, 66,363
Greenville County,SC, 78,339
Greenwood County,SC, 72,340
Hampton County,SC, 61,348
Horry County,SC, 70,366
Jasper County,SC, 58,349
Kershaw County,SC, 73,353
Lancaster County,SC, 76,352
Laurens County,SC, 74,341
Lee County,SC, 72,355
Lexington County,SC, 70,347
McCormick County,SC, 70,339
Marion County,SC, 71,363
Marlboro County,SC, 75,360
Newberry County,SC, 73,345
Oconee County,SC, 77,333
Orangeburg County,SC, 66,351
Pickens County,SC, 78,336
Richland County,SC, 71,350
Saluda County,SC, 71,344
Spartanburg County,SC, 78,342
Sumter County,SC, 70,354
Union County,SC, 76,345
Williamsburg County,SC, 67,360
York County,SC, 78,348
Aurora County,SD,148,209
Beadle County,SD,154,211
Bennett County,SD,144,184
Bon Homme County,SD,142,214
Brookings County,SD,153,223
Brown County,SD,163,211
Brule County,SD,148,205
Buffalo County,SD,151,204
Butte County,SD,158,169
Campbell County,SD,165,197
Charles Mix County,SD,144,209
Clark County,SD,157,216
Clay County,SD,142,222
Codington County,SD,158,220
Corson County,SD,164,188
Custer County,SD,148,170
Davison County,SD,148,212
Day County,SD,161,217
Deuel County,SD,157,224
Dewey County,SD,160,191
Douglas County,SD,146,211
Edmunds County,SD,162,204
Fall River County,SD,144,169
Faulk County,SD,159,204
Grant County,SD,160,223
Gregory County,SD,144,204
Haakon County,SD,153,185
Hamlin County,SD,156,220
Hand County,SD,155,205
Hanson County,SD,148,215
Harding County,SD,163,170
Hughes County,SD,154,198
Hutchinson County,SD,145,215
Hyde County,SD,155,202
Jackson County,SD,148,184
Jerauld County,SD,151,208
Jones County,SD,150,192
Kingsbury County,SD,153,218
Lake County,SD,151,220
Lawrence County,SD,153,167
Lincoln County,SD,145,224
Lyman County,SD,150,199
McCook County,SD,148,219
McPherson County,SD,165,204
Marshall County,SD,165,217
Meade County,SD,155,176
Mellette County,SD,147,191
Miner County,SD,151,217
Minnehaha County,SD,148,223
Moody County,SD,151,224
Pennington County,SD,151,175
Perkins County,SD,162,178
Potter County,SD,159,198
Roberts County,SD,164,222
Sanborn County,SD,151,213
Shannon County,SD,145,177
Spink County,SD,158,211
Stanley County,SD,154,192
Sully County,SD,156,196
Todd County,SD,144,192
Tripp County,SD,145,198
Turner County,SD,145,220
Union County,SD,141,224
Walworth County,SD,162,197
Yankton County,SD,143,218
Ziebach County,SD,158,184
Anderson County,TN, 87,324
Bedford County,TN, 83,306
Benton County,TN, 87,293
Bledsoe County,TN, 83,316
Blount County,TN, 84,326
Bradley County,TN, 80,319
Campbell County,TN, 90,324
Cannon County,TN, 85,309
Carroll County,TN, 86,290
Carter County,TN, 89,340
Cheatham County,TN, 89,300
Chester County,TN, 82,289
Claiborne County,TN, 90,328
Clay County,TN, 91,313
Cocke County,TN, 86,333
Coffee County,TN, 82,309
Crockett County,TN, 85,284
Cumberland County,TN, 86,318
Davidson County,TN, 88,303
Decatur County,TN, 83,293
DeKalb County,TN, 86,311
Dickson County,TN, 88,299
Dyer County,TN, 87,282
Fayette County,TN, 80,282
Fentress County,TN, 90,318
Franklin County,TN, 80,309
Gibson County,TN, 86,286
Giles County,TN, 80,301
Grainger County,TN, 89,329
Greene County,TN, 88,335
Grundy County,TN, 82,312
Hamblen County,TN, 88,331
Hamilton County,TN, 80,316
Hancock County,TN, 91,332
Hardeman County,TN, 80,286
Hardin County,TN, 80,292
Hawkins County,TN, 90,334
Haywood County,TN, 83,283
Henderson County,TN, 84,290
Henry County,TN, 89,291
Hickman County,TN, 85,298
Houston County,TN, 89,296
Humphreys County,TN, 87,295
Jackson County,TN, 89,312
Jefferson County,TN, 87,330
Johnson County,TN, 90,343
Knox County,TN, 86,326
Lake County,TN, 89,282
Lauderdale County,TN, 85,280
Lawrence County,TN, 80,298
Lewis County,TN, 83,298
Lincoln County,TN, 80,305
Loudon County,TN, 84,323
McMinn County,TN, 82,321
McNairy County,TN, 80,289
Macon County,TN, 91,309
Madison County,TN, 83,287
Marion County,TN, 80,313
Marshall County,TN, 82,303
Maury County,TN, 83,301
Meigs County,TN, 83,319
Monroe County,TN, 82,323
Montgomery County,TN, 90,298
Moore County,TN, 81,307
Morgan County,TN, 88,320
Obion County,TN, 89,284
Overton County,TN, 89,315
Perry County,TN, 84,295
Pickett County,TN, 91,317
Polk County,TN, 79,321
Putnam County,TN, 88,314
Rhea County,TN, 83,318
Roane County,TN, 85,321
Robertson County,TN, 91,303
Rutherford County,TN, 85,306
Scott County,TN, 90,321
Sequatchie County,TN, 81,314
Sevier County,TN, 85,329
Shelby County,TN, 80,278
Smith County,TN, 89,310
Stewart County,TN, 91,295
Sullivan County,TN, 91,339
Sumner County,TN, 90,306
Tipton County,TN, 83,280
Trousdale County,TN, 90,308
Unicoi County,TN, 87,338
Union County,TN, 89,327
Van Buren County,TN, 84,314
Warren County,TN, 84,311
Washington County,TN, 89,338
Wayne County,TN, 80,295
Weakley County,TN, 89,288
White County,TN, 86,314
Williamson County,TN, 86,302
Wilson County,TN, 88,307
Anderson County,TX, 53,232
Andrews County,TX, 57,176
Angelina County,TX, 49,241
Aransas County,TX, 24,222
Archer County,TX, 67,208
Armstrong County,TX, 78,187
Atascosa County,TX, 30,209
Austin County,TX, 38,227
Bailey County,TX, 71,175
Bandera County,TX, 36,204
Bastrop County,TX, 39,219
Baylor County,TX, 67,204
Bee County,TX, 26,216
Bell County,TX, 47,218
Bexar County,TX, 34,209
Blanco County,TX, 41,210
Borden County,TX, 60,186
Bosque County,TX, 54,216
Bowie County,TX, 66,242
Brazoria County,TX, 32,234
Brazos County,TX, 44,227
Brewster County,TX, 37,171
Briscoe County,TX, 75,188
Brooks County,TX, 15,212
Brown County,TX, 53,206
Burleson County,TX, 42,225
Burnet County,TX, 45,212
Caldwell County,TX, 37,217
Calhoun County,TX, 28,226
Callahan County,TX, 57,203
Cameron County,TX, 10,219
Camp County,TX, 62,238
Carson County,TX, 82,187
Cass County,TX, 63,243
Castro County,TX, 75,179
Chambers County,TX, 36,241
Cherokee County,TX, 53,236
Childress County,TX, 75,196
Clay County,TX, 69,212
Cochran County,TX, 67,175
Coke County,TX, 54,193
Coleman County,TX, 53,202
Collin County,TX, 64,225
Collingsworth County,TX, 78,195
Colorado County,TX, 35,225
Comal County,TX, 37,211
Comanche County,TX, 54,209
Concho County,TX, 49,199
Cooke County,TX, 68,220
Coryell County,TX, 50,215
Cottle County,TX, 71,195
Crane County,TX, 50,177
Crockett County,TX, 44,186
Crosby County,TX, 67,187
Culberson County,TX, 50,161
Dallam County,TX, 89,177
Dallas County,TX, 61,223
Dawson County,TX, 60,182
Deaf Smith County,TX, 78,177
Delta County,TX, 66,232
Denton County,TX, 64,221
DeWitt County,TX, 31,219
Dickens County,TX, 67,191
Dimmit County,TX, 26,199
Donley County,TX, 78,191
Duval County,TX, 20,209
Eastland County,TX, 57,207
Ector County,TX, 53,177
Edwards County,TX, 38,195
Ellis County,TX, 57,223
El Paso County,TX, 53,148
Erath County,TX, 56,212
Falls County,TX, 49,222
Fannin County,TX, 67,229
Fayette County,TX, 38,222
Fisher County,TX, 60,194
Floyd County,TX, 71,187
Foard County,TX, 70,199
Fort Bend County,TX, 35,231
Franklin County,TX, 64,236
Freestone County,TX, 52,228
Frio County,TX, 29,205
Gaines County,TX, 60,176
Galveston County,TX, 35,241
Garza County,TX, 64,187
Gillespie County,TX, 41,206
Glasscock County,TX, 53,185
Goliad County,TX, 28,218
Gonzales County,TX, 34,218
Gray County,TX, 82,191
Grayson County,TX, 68,224
Gregg County,TX, 58,239
Grimes County,TX, 43,230
Guadalupe County,TX, 35,214
Hale County,TX, 71,183
Hall County,TX, 75,192
Hamilton County,TX, 52,213
Hansford County,TX, 89,187
Hardeman County,TX, 73,200
Hardin County,TX, 41,242
Harris County,TX, 37,234
Harrison County,TX, 59,243
Hartley County,TX, 85,177
Haskell County,TX, 64,200
Hays County,TX, 39,213
Hemphill County,TX, 85,195
Henderson County,TX, 56,231
Hidalgo County,TX, 10,212
Hill County,TX, 54,220
Hockley County,TX, 67,179
Hood County,TX, 58,215
Hopkins County,TX, 64,233
Houston County,TX, 49,234
Howard County,TX, 57,186
Hudspeth County,TX, 50,154
Hunt County,TX, 63,229
Hutchinson County,TX, 85,187
Irion County,TX, 49,190
Jack County,TX, 64,212
Jackson County,TX, 30,225
Jasper County,TX, 44,245
Jeff Davis County,TX, 44,164
Jefferson County,TX, 38,244
Jim Hogg County,TX, 15,208
Jim Wells County,TX, 20,213
Johnson County,TX, 58,219
Jones County,TX, 60,198
Karnes County,TX, 30,215
Kaufman County,TX, 59,227
Kendall County,TX, 38,208
Kenedy County,TX, 14,216
Kent County,TX, 64,191
Kerr County,TX, 39,203
Kimble County,TX, 42,200
King County,TX, 67,195
Kinney County,TX, 33,194
Kleberg County,TX, 18,215
Knox County,TX, 67,200
Lamar County,TX, 68,233
Lamb County,TX, 71,179
Lampasas County,TX, 48,212
La Salle County,TX, 25,205
Lavaca County,TX, 34,222
Lee County,TX, 41,222
Leon County,TX, 49,230
Liberty County,TX, 40,239
Limestone County,TX, 51,225
Lipscomb County,TX, 89,195
Live Oak County,TX, 25,213
Llano County,TX, 44,208
Loving County,TX, 53,169
Lubbock County,TX, 67,183
Lynn County,TX, 64,183
McCulloch County,TX, 48,203
McLennan County,TX, 51,220
McMullen County,TX, 25,209
Madison County,TX, 46,230
Marion County,TX, 61,243
Martin County,TX, 57,182
Mason County,TX, 44,204
Matagorda County,TX, 29,230
Maverick County,TX, 28,195
Medina County,TX, 33,205
Menard County,TX, 46,199
Midland County,TX, 53,181
Milam County,TX, 45,222
Mills County,TX, 50,209
Mitchell County,TX, 57,190
Montague County,TX, 68,216
Montgomery County,TX, 41,233
Moore County,TX, 85,182
Morris County,TX, 63,240
Motley County,TX, 71,191
Nacogdoches County,TX, 51,241
Navarro County,TX, 55,226
Newton County,TX, 45,248
Nolan County,TX, 57,194
Nueces County,TX, 20,216
Ochiltree County,TX, 89,191
Oldham County,TX, 82,177
Orange County,TX, 39,246
Palo Pinto County,TX, 61,211
Panola County,TX, 56,243
Parker County,TX, 61,215
Parmer County,TX, 75,175
Pecos County,TX, 45,176
Polk County,TX, 45,239
Potter County,TX, 82,182
Presidio County,TX, 38,164
Rains County,TX, 61,231
Randall County,TX, 78,182
Reagan County,TX, 49,185
Real County,TX, 37,199
Red River County,TX, 67,237
Reeves County,TX, 49,168
Refugio County,TX, 25,220
Roberts County,TX, 85,191
Robertson County,TX, 47,225
Rockwall County,TX, 62,226
Runnels County,TX, 53,198
Rusk County,TX, 55,239
Sabine County,TX, 49,247
San Augustine County,TX, 50,244
San Jacinto County,TX, 43,236
San Patricio County,TX, 23,217
San Saba County,TX, 48,207
Schleicher County,TX, 46,193
Scurry County,TX, 60,190
Shackelford County,TX, 60,203
Shelby County,TX, 53,244
Sherman County,TX, 89,182
Smith County,TX, 58,235
Somervell County,TX, 56,215
Starr County,TX, 11,208
Stephens County,TX, 60,207
Sterling County,TX, 53,189
Stonewall County,TX, 64,195
Sutton County,TX, 42,193
Swisher County,TX, 75,184
Tarrant County,TX, 61,219
Taylor County,TX, 57,198
Terrell County,TX, 40,181
Terry County,TX, 64,179
Throckmorton County,TX, 64,204
Titus County,TX, 64,238
Tom Green County,TX, 50,194
Travis County,TX, 41,215
Trinity County,TX, 47,236
Tyler County,TX, 45,242
Upshur County,TX, 60,238
Upton County,TX, 49,181
Uvalde County,TX, 33,199
Val Verde County,TX, 38,188
Van Zandt County,TX, 59,231
Victoria County,TX, 29,222
Walker County,TX, 44,233
Waller County,TX, 39,230
Ward County,TX, 51,173
Washington County,TX, 40,226
Webb County,TX, 21,203
Wharton County,TX, 33,228
Wheeler County,TX, 82,195
Wichita County,TX, 70,208
Wilbarger County,TX, 71,204
Willacy County,TX, 10,216
Williamson County,TX, 44,217
Wilson County,TX, 32,213
Winkler County,TX, 53,173
Wise County,TX, 64,216
Wood County,TX, 61,234
Yoakum County,TX, 64,175
Young County,TX, 64,208
Zapata County,TX, 15,204
Zavala County,TX, 29,199
Beaver County,UT,105, 92
Box Elder County,UT,131, 93
Cache County,UT,132,104
Carbon County,UT,116,113
Daggett County,UT,126,121
Davis County,UT,126,101
Duchesne County,UT,121,114
Emery County,UT,110,112
Garfield County,UT,101,106
Grand County,UT,110,121
Iron County,UT,101, 91
Juab County,UT,116, 95
Kane County,UT, 97,102
Millard County,UT,111, 93
Morgan County,UT,127,105
Piute County,UT,105,100
Rich County,UT,132,108
Salt Lake County,UT,124,102
San Juan County,UT,100,119
Sanpete County,UT,113,105
Sevier County,UT,108,103
Summit County,UT,125,110
Tooele County,UT,122, 92
Uintah County,UT,119,121
Utah County,UT,119,104
Wasatch County,UT,121,108
Washington County,UT, 97, 89
Wayne County,UT,105,110
Weber County,UT,129,102
Addison County,VT,151,412
Bennington County,VT,143,413
Caledonia County,VT,154,421
Chittenden County,VT,154,413
Essex County,VT,156,424
Franklin County,VT,157,414
Grand Isle County,VT,157,410
Lamoille County,VT,155,416
Orange County,VT,151,418
Orleans County,VT,157,420
Rutland County,VT,147,413
Washington County,VT,153,417
Windham County,VT,142,416
Windsor County,VT,147,417
Accomack County,VA,101,393
Albemarle County,VA,103,370
Alleghany County,VA,101,358
Amelia County,VA, 97,374
Amherst County,VA, 99,364
Appomattox County,VA, 97,367
Arlington County,VA,110,381
Augusta County,VA,103,366
Bath County,VA,103,360
Bedford County,VA, 97,361
Bland County,VA, 96,348
Botetourt County,VA, 99,359
Brunswick County,VA, 93,375
Buchanan County,VA, 97,341
Buckingham County,VA, 99,369
Campbell County,VA, 96,365
Caroline County,VA,103,379
Carroll County,VA, 92,352
Charles City County,VA, 97,381
Charlotte County,VA, 95,368
Chesterfield County,VA, 98,377
Clarke County,VA,111,374
Craig County,VA, 98,356
Culpeper County,VA,106,374
Cumberland County,VA, 99,372
Dickenson County,VA, 96,339
Dinwiddie County,VA, 95,376
Essex County,VA,102,382
Fairfax County,VA,109,379
Fauquier County,VA,108,375
Floyd County,VA, 94,355
Fluvanna County,VA,101,371
Franklin County,VA, 94,358
Frederick County,VA,112,372
Giles County,VA, 97,352
Gloucester County,VA, 98,385
Goochland County,VA,100,374
Grayson County,VA, 92,348
Greene County,VA,105,370
Greensville County,VA, 92,377
Halifax County,VA, 93,366
Hanover County,VA,101,378
Henrico County,VA, 99,378
Henry County,VA, 92,359
Highland County,VA,105,361
Isle of Wight County,VA, 94,384
James City County,VA, 97,383
King and Queen County,VA,100,382
King George County,VA,105,380
King William County,VA,100,381
Lancaster County,VA,100,386
Lee County,VA, 92,332
Loudoun County,VA,111,376
Louisa County,VA,102,374
Lunenburg County,VA, 94,372
Madison County,VA,106,371
Mathews County,VA, 98,387
Mecklenburg County,VA, 92,371
Middlesex County,VA,100,385
Montgomery County,VA, 96,354
Nelson County,VA,101,366
New Kent County,VA, 99,381
Northampton County,VA, 98,390
Northumberland County,VA,102,386
Nottoway County,VA, 96,373
Orange County,VA,104,373
Page County,VA,107,370
Patrick County,VA, 92,355
Pittsylvania County,VA, 93,362
Powhatan County,VA, 99,374
Prince Edward County,VA, 96,370
Prince George County,VA, 96,380
Prince William County,VA,109,378
Pulaski County,VA, 95,352
Rappahannock County,VA,108,372
Richmond County,VA,102,384
Roanoke County,VA, 97,358
Rockbridge County,VA,100,363
Rockingham County,VA,106,367
Russell County,VA, 94,341
Scott County,VA, 92,337
Shenandoah County,VA,109,369
Smyth County,VA, 93,345
Southampton County,VA, 92,381
Spotsylvania County,VA,104,376
Stafford County,VA,106,378
Surry County,VA, 95,382
Sussex County,VA, 94,379
Tazewell County,VA, 96,345
Warren County,VA,110,372
Washington County,VA, 92,342
Westmoreland County,VA,103,383
Wise County,VA, 94,336
Wythe County,VA, 94,349
York County,VA, 96,385
Alexandria City,VA,109,381
Bedford City,VA, 97,361
Bristol City,VA, 91,340
Buena Vista City,VA,100,363
Charlottesville City,VA,103,370
Chesapeake City,VA, 92,387
Colonial Heights City,VA, 97,378
Covington City,VA,101,358
Danville City,VA, 91,362
Emporia City,VA, 92,377
Fairfax City,VA,109,379
Falls Church City,VA,110,380
Franklin City,VA, 92,382
Fredericksburg City,VA,105,378
Galax City,VA, 92,350
Hampton City,VA, 95,387
Harrisonburg City,VA,106,367
Hopewell City,VA, 97,379
Lexington City,VA,101,362
Lynchburg City,VA, 98,364
Manassas City,VA,108,378
Manassas Park City,VA,109,378
Martinsville City,VA, 92,359
Newport News City,VA, 95,386
Norfolk City,VA, 93,387
Norton City,VA, 94,336
Petersburg City,VA, 96,378
Poquoson City,VA, 95,387
Portsmouth City,VA, 93,387
Radford City,VA, 95,353
Richmond City,VA, 99,378
Roanoke City,VA, 97,358
Salem City,VA, 97,357
Staunton City,VA,104,365
Suffolk City,VA, 92,384
Virginia Beach City,VA, 93,389
Waynesboro City,VA,103,366
Williamsburg City,VA, 97,384
Winchester City,VA,112,372
Adams County,WA,174, 49
Asotin County,WA,168, 60
Benton County,WA,168, 41
Chelan County,WA,181, 33
Clallam County,WA,183, 10
Clark County,WA,165, 18
Columbia County,WA,169, 54
Cowlitz County,WA,168, 16
Douglas County,WA,180, 40
Ferry County,WA,186, 49
Franklin County,WA,171, 46
Garfield County,WA,170, 57
Grant County,WA,176, 42
Grays Harbor County,WA,176,  7
Island County,WA,184, 17
Jefferson County,WA,180,  9
King County,WA,178, 23
Kitsap County,WA,179, 16
Kittitas County,WA,175, 32
Klickitat County,WA,165, 31
Lewis County,WA,171, 18
Lincoln County,WA,179, 50
Mason County,WA,177, 12
Okanogan County,WA,187, 40
Pacific County,WA,171,  8
Pend Oreille County,WA,187, 59
Pierce County,WA,176, 18
San Juan County,WA,188, 16
Skagit County,WA,186, 24
Skamania County,WA,167, 22
Snohomish County,WA,183, 24
Spokane County,WA,179, 58
Stevens County,WA,186, 55
Thurston County,WA,174, 15
Wahkiakum County,WA,169, 10
Walla Walla County,WA,168, 50
Whatcom County,WA,189, 24
Whitman County,WA,174, 57
Yakima County,WA,170, 32
Barbour County,WV,112,357
Berkeley County,WV,114,373
Boone County,WV,103,344
Braxton County,WV,108,352
Brooke County,WV,121,353
Cabell County,WV,106,340
Calhoun County,WV,109,349
Clay County,WV,106,349
Doddridge County,WV,113,352
Fayette County,WV,103,349
Gilmer County,WV,110,351
Grant County,WV,111,364
Greenbrier County,WV,102,354
Hampshire County,WV,113,369
Hancock County,WV,123,353
Hardy County,WV,111,367
Harrison County,WV,113,354
Jackson County,WV,109,344
Jefferson County,WV,113,375
Kanawha County,WV,105,345
Lewis County,WV,110,353
Lincoln County,WV,104,341
Logan County,WV,101,342
McDowell County,WV, 98,344
Marion County,WV,115,356
Marshall County,WV,117,352
Mason County,WV,109,341
Mercer County,WV, 98,349
Mineral County,WV,114,366
Mingo County,WV,100,340
Monongalia County,WV,116,357
Monroe County,WV, 99,353
Morgan County,WV,115,371
Nicholas County,WV,105,351
Ohio County,WV,119,353
Pendleton County,WV,108,363
Pleasants County,WV,113,348
Pocahontas County,WV,105,357
Preston County,WV,114,360
Putnam County,WV,107,342
Raleigh County,WV,101,348
Randolph County,WV,109,358
Ritchie County,WV,112,349
Roane County,WV,108,347
Summers County,WV,100,351
Taylor County,WV,113,357
Tucker County,WV,111,361
Tyler County,WV,114,350
Upshur County,WV,110,356
Wayne County,WV,104,338
Webster County,WV,106,354
Wetzel County,WV,115,352
Wirt County,WV,111,346
Wood County,WV,112,345
Wyoming County,WV, 99,345
Adams County,WI,150,279
Ashland County,WI,170,271
Barron County,WI,162,263
Bayfield County,WI,171,269
Brown County,WI,154,293
Buffalo County,WI,154,263
Burnett County,WI,165,259
Calumet County,WI,151,292
Chippewa County,WI,159,267
Clark County,WI,156,273
Columbia County,WI,146,283
Crawford County,WI,144,270
Dane County,WI,143,282
Dodge County,WI,146,288
Door County,WI,158,299
Douglas County,WI,170,262
Dunn County,WI,158,262
Eau Claire County,WI,156,267
Florence County,WI,165,290
Fond du Lac County,WI,149,290
Forest County,WI,164,287
Grant County,WI,141,272
Green County,WI,140,281
Green Lake County,WI,149,285
Iowa County,WI,143,276
Iron County,WI,169,276
Jackson County,WI,153,271
Jefferson County,WI,143,287
Juneau County,WI,150,277
Kenosha County,WI,139,293
Kewaunee County,WI,155,297
La Crosse County,WI,150,269
Lafayette County,WI,140,276
Langlade County,WI,161,285
Lincoln County,WI,161,280
Manitowoc County,WI,151,295
Marathon County,WI,158,279
Marinette County,WI,162,293
Marquette County,WI,149,282
Menominee County,WI,159,288
Milwaukee County,WI,143,294
Monroe County,WI,150,273
Oconto County,WI,159,291
Oneida County,WI,164,281
Outagamie County,WI,154,290
Ozaukee County,WI,146,294
Pepin County,WI,155,261
Pierce County,WI,156,258
Polk County,WI,162,258
Portage County,WI,154,281
Price County,WI,164,275
Racine County,WI,140,293
Richland County,WI,146,274
Rock County,WI,140,285
Rusk County,WI,162,268
Saint Croix County,WI,159,258
Sauk County,WI,146,278
Sawyer County,WI,166,268
Shawano County,WI,157,287
Sheboygan County,WI,148,294
Taylor County,WI,160,273
Trempealeau County,WI,153,267
Vernon County,WI,147,271
Vilas County,WI,167,281
Walworth County,WI,140,289
Washburn County,WI,166,263
Washington County,WI,145,292
Waukesha County,WI,143,291
Waupaca County,WI,154,286
Waushara County,WI,151,284
Winnebago County,WI,151,288
Wood County,WI,154,277
Albany County,WY,132,152
Big Horn County,WY,155,134
Campbell County,WY,152,153
Carbon County,WY,132,142
Converse County,WY,142,153
Crook County,WY,155,161
Fremont County,WY,143,128
Goshen County,WY,135,163
Hot Springs County,WY,148,130
Johnson County,WY,151,145
Laramie County,WY,129,160
Lincoln County,WY,137,112
Natrona County,WY,142,143
Niobrara County,WY,143,162
Park County,WY,155,121
Platte County,WY,136,158
Sheridan County,WY,157,142
Sublette County,WY,141,118
Sweetwater County,WY,132,126
Teton County,WY,150,113
Uinta County,WY,129,113
Washakie County,WY,150,136
Weston County,WY,149,161
